 	gene_name
IGFBP1	IGFBP1
MGP	MGP
CCL26	CCL26
SAA1	SAA1
MMP1	MMP1
SERPINB2	SERPINB2
LCN2	LCN2
SAA2	SAA2
TAGLN	TAGLN
IGFN1	IGFN1
CCL7	CCL7
AREG	AREG
TOP2A	TOP2A
CCL20	CCL20
CHI3L1	CHI3L1
SPINK1	SPINK1
RRAD	RRAD
RBP4	RBP4
G0S2	G0S2
CXCL3	CXCL3
AKR1C2	AKR1C2
CRYAB	CRYAB
IL11	IL11
GDF15	GDF15
IGFBP5	IGFBP5
HSPA6	HSPA6
DPY19L4	DPY19L4
SLPI	SLPI
HSPA1A	HSPA1A
AKAP12	AKAP12
IL1B	IL1B
SHANK2	SHANK2
PRC1	PRC1
CENPF	CENPF
PTX3	PTX3
PLAAT4	PLAAT4
CYP1A1	CYP1A1
MKI67	MKI67
CLEC4E	CLEC4E
S100A9	S100A9
DDIT3	DDIT3
CXCL1	CXCL1
MMP3	MMP3
CCL2	CCL2
PTGS2	PTGS2
IL24	IL24
CXCL6	CXCL6
TPX2	TPX2
KRT7	KRT7
TNFAIP6	TNFAIP6
LHX1	LHX1
KRT19	KRT19
UBE2C	UBE2C
SPP1	SPP1
IL6	IL6
APCS	APCS
CD24	CD24
RIMKLB	RIMKLB
SFN	SFN
TM4SF1	TM4SF1
CMBL	CMBL
AKR1C1	AKR1C1
AKR1C3	AKR1C3
MMP7	MMP7
HOOK1	HOOK1
FXYD2	FXYD2
PCLAF	PCLAF
MT1X	MT1X
SPARC	SPARC
IL33	IL33
ISG20	ISG20
EDN1	EDN1
CSF3	CSF3
CCNB1	CCNB1
PDZK1IP1	PDZK1IP1
INHBA	INHBA
CLDN16	CLDN16
CEMIP	CEMIP
PBX1	PBX1
KIF23	KIF23
MMP10	MMP10
HMGB2	HMGB2
PAX8	PAX8
HMOX1	HMOX1
ARHGAP29	ARHGAP29
CXCL8	CXCL8
CXCL2	CXCL2
CLDN1	CLDN1
DEFB1	DEFB1
CXCL5	CXCL5
FANCI	FANCI
CDKN1A	CDKN1A
SYNE2	SYNE2
KRT18	KRT18
PTTG1	PTTG1
GADD45A	GADD45A
ID1	ID1
CKS2	CKS2
PI3	PI3
NUSAP1	NUSAP1
COL1A1	COL1A1
EPCAM	EPCAM
TXNIP	TXNIP
RRM2	RRM2
LAMB3	LAMB3
IFIT3	IFIT3
LRRC28	LRRC28
DSP	DSP
ACTA2	ACTA2
CFB	CFB
KPNA2	KPNA2
CKB	CKB
CKS1B	CKS1B
GMCL1	GMCL1
SPON2	SPON2
S100A2	S100A2
ATP1B1	ATP1B1
ALDH1A1	ALDH1A1
TPD52L1	TPD52L1
SERPINE1	SERPINE1
DNAJB1	DNAJB1
ASRGL1	ASRGL1
NNMT	NNMT
TYMS	TYMS
STC1	STC1
FGFBP1	FGFBP1
DCDC2	DCDC2
PLAU	PLAU
DNAJC15	DNAJC15
ASPM	ASPM
DNAH5	DNAH5
TGFBI	TGFBI
TMEM158	TMEM158
UBE2S	UBE2S
KRT8	KRT8
KRTAP2-3	KRTAP2-3
GTSE1	GTSE1
SPINT2	SPINT2
CGNL1	CGNL1
LAMA1	LAMA1
LCP1	LCP1
CCNB2	CCNB2
TGM2	TGM2
TCIM	TCIM
TMPO	TMPO
ARRDC4	ARRDC4
IQCD	IQCD
HMMR	HMMR
CDK1	CDK1
FGF7	FGF7
GREM1	GREM1
COL6A3	COL6A3
CLU	CLU
CD47	CD47
COL3A1	COL3A1
PAPPA	PAPPA
ITGA3	ITGA3
ID3	ID3
TUBA4A	TUBA4A
MANEA	MANEA
ARL6IP1	ARL6IP1
FOLR1	FOLR1
UPP1	UPP1
HSPA1B	HSPA1B
CLDN10	CLDN10
PMEPA1	PMEPA1
RARRES2	RARRES2
ARHGAP32	ARHGAP32
DDX52	DDX52
EZR	EZR
SMC4	SMC4
TNFRSF11B	TNFRSF11B
UGCG	UGCG
HDGFL3	HDGFL3
ECT2	ECT2
PCBD1	PCBD1
FN1	FN1
GPX3	GPX3
AGR2	AGR2
ATP11A	ATP11A
COL1A2	COL1A2
VNN1	VNN1
RNASET2	RNASET2
IGFBP2	IGFBP2
UPK1B	UPK1B
TUBA1B	TUBA1B
EREG	EREG
DCN	DCN
SNAPC1	SNAPC1
CYP1B1	CYP1B1
ATF3	ATF3
CASC19	CASC19
AURKA	AURKA
S100A1	S100A1
SRGN	SRGN
SERPINE2	SERPINE2
HELLS	HELLS
DEPDC1	DEPDC1
CKLF	CKLF
CPVL	CPVL
FABP5	FABP5
CLSPN	CLSPN
MAGEA4	MAGEA4
ODC1	ODC1
RAB11FIP2	RAB11FIP2
UACA	UACA
NID2	NID2
HTRA1	HTRA1
MDM2	MDM2
RHOF	RHOF
ITGA1	ITGA1
RFK	RFK
FILIP1	FILIP1
AMIGO2	AMIGO2
MAL2	MAL2
BCL2A1	BCL2A1
MT1E	MT1E
BRI3BP	BRI3BP
C2CD4A	C2CD4A
ANXA1	ANXA1
PMAIP1	PMAIP1
ANXA4	ANXA4
GCNT3	GCNT3
CAT	CAT
PIF1	PIF1
MYH14	MYH14
KLK8	KLK8
TUBA1C	TUBA1C
UCHL1	UCHL1
C3	C3
PDE4D	PDE4D
COL4A1	COL4A1
IL18	IL18
PPA1	PPA1
PLK2	PLK2
S100A10	S100A10
FGF18	FGF18
BEX2	BEX2
RXFP1	RXFP1
DSG2	DSG2
CDA	CDA
GPRC5A	GPRC5A
MYL9	MYL9
CCN1	CCN1
DLGAP5	DLGAP5
ITGA2	ITGA2
AHNAK	AHNAK
UPK3B	UPK3B
PRR11	PRR11
CITED4	CITED4
HELB	HELB
TUBA1A	TUBA1A
CCNE1	CCNE1
BLM	BLM
TM4SF19	TM4SF19
NMB	NMB
BIRC5	BIRC5
FGF2	FGF2
PLAAT3	PLAAT3
RSBN1L	RSBN1L
MAL	MAL
CKAP2	CKAP2
COL6A1	COL6A1
SLC25A39	SLC25A39
PCNA	PCNA
RBP1	RBP1
FOXO1	FOXO1
FAM107B	FAM107B
PEG10	PEG10
BMP2	BMP2
RHOD	RHOD
TNFAIP2	TNFAIP2
IRX3	IRX3
ATAD2	ATAD2
CDK2AP2	CDK2AP2
KIF21A	KIF21A
CST6	CST6
TUBB3	TUBB3
ANLN	ANLN
CDKN3	CDKN3
SMC1A	SMC1A
TINAGL1	TINAGL1
COL6A2	COL6A2
CDC20	CDC20
MAP1B	MAP1B
MCM3	MCM3
CP	CP
VCAN	VCAN
ISG15	ISG15
NRP2	NRP2
LITAF	LITAF
LAMC2	LAMC2
DUSP5	DUSP5
JPT1	JPT1
MYOF	MYOF
CEP55	CEP55
IL32	IL32
CCN2	CCN2
CD69	CD69
SERPINH1	SERPINH1
ATAD5	ATAD5
UCP2	UCP2
CENPM	CENPM
SFRP1	SFRP1
IDH2	IDH2
MMP2	MMP2
XIST	XIST
CYSTM1	CYSTM1
AHNAK2	AHNAK2
AKR1B1	AKR1B1
BST2	BST2
ANPEP	ANPEP
PLK1	PLK1
ANGPTL4	ANGPTL4
FBLN1	FBLN1
SNHG12	SNHG12
UBE2T	UBE2T
KLHL13	KLHL13
OGFRL1	OGFRL1
CDC6	CDC6
MFGE8	MFGE8
TMEM14B	TMEM14B
AP1M2	AP1M2
QPRT	QPRT
ITM2B	ITM2B
NGRN	NGRN
SCIN	SCIN
CYBA	CYBA
DNAJC18	DNAJC18
NRG1	NRG1
SRPX	SRPX
HMGN2	HMGN2
BIRC3	BIRC3
PRRX1	PRRX1
IFI27	IFI27
MET	MET
PBK	PBK
CEBPD	CEBPD
SERPINB1	SERPINB1
BRCA2	BRCA2
ATP5MC1	ATP5MC1
IGFBP3	IGFBP3
MYEOV	MYEOV
TUBB4B	TUBB4B
CTNNAL1	CTNNAL1
ONECUT2	ONECUT2
ARL4C	ARL4C
TRIM56	TRIM56
MEF2A	MEF2A
SELENOP	SELENOP
SERPING1	SERPING1
PID1	PID1
CLDN3	CLDN3
ZP3	ZP3
CPM	CPM
BRCA1	BRCA1
TEX30	TEX30
IMPA2	IMPA2
BGN	BGN
CDKN1C	CDKN1C
THBD	THBD
NME1	NME1
CDH2	CDH2
MAD2L1	MAD2L1
ICAM1	ICAM1
FEN1	FEN1
CTSK	CTSK
ZWINT	ZWINT
RAP1GAP	RAP1GAP
LRATD2	LRATD2
THBS2	THBS2
S100A4	S100A4
HES4	HES4
CAV1	CAV1
DUT	DUT
LRG1	LRG1
TUBB	TUBB
ACSL4	ACSL4
USP1	USP1
SLC7A5	SLC7A5
UQCRH	UQCRH
RBCK1	RBCK1
KIF20B	KIF20B
RHOB	RHOB
HNF1B	HNF1B
TMEM106C	TMEM106C
TXNRD1	TXNRD1
RND3	RND3
RANBP1	RANBP1
CTSH	CTSH
SINHCAF	SINHCAF
SLC3A2	SLC3A2
ACSL1	ACSL1
TYMP	TYMP
SPON1	SPON1
DHRS3	DHRS3
TOB1	TOB1
PA2G4	PA2G4
DIAPH3	DIAPH3
CHCHD10	CHCHD10
SPDL1	SPDL1
KLHL28	KLHL28
TNKS2	TNKS2
RNF213	RNF213
QPCT	QPCT
MYO1E	MYO1E
SOX9	SOX9
WNT7A	WNT7A
SLC2A1	SLC2A1
SOD3	SOD3
CD74	CD74
SYNE1	SYNE1
ITGB8	ITGB8
COL8A1	COL8A1
FZD10	FZD10
TJP2	TJP2
SPOCK1	SPOCK1
WLS	WLS
TK1	TK1
IQGAP1	IQGAP1
ITPRID2	ITPRID2
GAS5	GAS5
COMMD4	COMMD4
BCL2L1	BCL2L1
BTG1	BTG1
KIF11	KIF11
SAT1	SAT1
HES1	HES1
HOXB7	HOXB7
SLC26A2	SLC26A2
CALM3	CALM3
EFNA1	EFNA1
SLC25A15	SLC25A15
MCM4	MCM4
FSTL3	FSTL3
RAB29	RAB29
MITF	MITF
TRIM55	TRIM55
HM13	HM13
FAP	FAP
PLIN2	PLIN2
GCNT2	GCNT2
ELF3	ELF3
ZFP36L1	ZFP36L1
SMAD3	SMAD3
KCNQ1OT1	KCNQ1OT1
EPS8	EPS8
STC2	STC2
MUC1	MUC1
BASP1	BASP1
HMGN3	HMGN3
POU2F2	POU2F2
NCL	NCL
SLC7A11	SLC7A11
PDGFB	PDGFB
CDCA3	CDCA3
RNF144B	RNF144B
VAMP8	VAMP8
HDDC3	HDDC3
ADM	ADM
MACROD2	MACROD2
SKA2	SKA2
HNRNPAB	HNRNPAB
SLC38A1	SLC38A1
SGPP2	SGPP2
FOS	FOS
MYC	MYC
YWHAH	YWHAH
LAMA3	LAMA3
ADAMTS1	ADAMTS1
SOD2	SOD2
APOM	APOM
TBX3	TBX3
PON2	PON2
CIB1	CIB1
KIF20A	KIF20A
B4GALT1	B4GALT1
PERP	PERP
NCAPG	NCAPG
RDH10	RDH10
GULP1	GULP1
DHFR	DHFR
AHCY	AHCY
F12	F12
CITED2	CITED2
SNAPC4	SNAPC4
PPIF	PPIF
GPAT3	GPAT3
CDKN2AIP	CDKN2AIP
NUPR1	NUPR1
CENPU	CENPU
TM4SF4	TM4SF4
WNT5A	WNT5A
CAV2	CAV2
CPNE8	CPNE8
MEG3	MEG3
PFKFB3	PFKFB3
HAS2	HAS2
MRC2	MRC2
LDHB	LDHB
HIPK2	HIPK2
ANXA2	ANXA2
FOLR3	FOLR3
IVNS1ABP	IVNS1ABP
DDIT4	DDIT4
TSKU	TSKU
ANTXR2	ANTXR2
CD99	CD99
DPP4	DPP4
FGFR1	FGFR1
TRNP1	TRNP1
GCHFR	GCHFR
TUBG1	TUBG1
GJA1	GJA1
RAD51C	RAD51C
ADAM10	ADAM10
MYBL2	MYBL2
TNNT1	TNNT1
KRT25	KRT25
COL4A2	COL4A2
GNAI1	GNAI1
PLAUR	PLAUR
PLA1A	PLA1A
FBXO5	FBXO5
ORC6	ORC6
GMNN	GMNN
SNORC	SNORC
CLMP	CLMP
CENPE	CENPE
PRAME	PRAME
FRMD4A	FRMD4A
DNMT1	DNMT1
SNHG14	SNHG14
NCAPD2	NCAPD2
SCD	SCD
PXMP2	PXMP2
KPNB1	KPNB1
ARID5B	ARID5B
SLC12A2	SLC12A2
RAN	RAN
FAM43A	FAM43A
PPP1R14A	PPP1R14A
WWC1	WWC1
GABRG3	GABRG3
CYGB	CYGB
MGLL	MGLL
HACD3	HACD3
THBS1	THBS1
NFKBIZ	NFKBIZ
MCM7	MCM7
KLF6	KLF6
PAICS	PAICS
MEDAG	MEDAG
ADGRG1	ADGRG1
SRGAP1	SRGAP1
PARP1	PARP1
UGDH	UGDH
CLDN4	CLDN4
SNX10	SNX10
MIOX	MIOX
PKNOX1	PKNOX1
GYPC	GYPC
LTBP2	LTBP2
NFKBIA	NFKBIA
RNASEH2B	RNASEH2B
AKAP13	AKAP13
CTHRC1	CTHRC1
PTBP3	PTBP3
TCF4	TCF4
RRM1	RRM1
FIBCD1	FIBCD1
EIF4EBP1	EIF4EBP1
PRSS23	PRSS23
TAF15	TAF15
EPHB2	EPHB2
CENPA	CENPA
LRRK2	LRRK2
SLC25A4	SLC25A4
AEBP1	AEBP1
HSPA5	HSPA5
RAB3IP	RAB3IP
GALE	GALE
AATF	AATF
PTN	PTN
DCTPP1	DCTPP1
TSPAN1	TSPAN1
RAD51AP1	RAD51AP1
MAGEA10	MAGEA10
MECOM	MECOM
IGFBP4	IGFBP4
DTYMK	DTYMK
HMGB1	HMGB1
SPAG9	SPAG9
IGFBP6	IGFBP6
FAM111B	FAM111B
CENPW	CENPW
EPAS1	EPAS1
PHLDA1	PHLDA1
TNFSF10	TNFSF10
DNAJC9	DNAJC9
DEK	DEK
SLC4A1AP	SLC4A1AP
PAWR	PAWR
LIMCH1	LIMCH1
FOSB	FOSB
GPRC5C	GPRC5C
OCIAD2	OCIAD2
ZBED2	ZBED2
ASPH	ASPH
STMN1	STMN1
RNF19A	RNF19A
IER5L	IER5L
CCDC80	CCDC80
SYNM	SYNM
PSIP1	PSIP1
NRP1	NRP1
PDGFRA	PDGFRA
ITGB3	ITGB3
GABARAPL1	GABARAPL1
COL5A2	COL5A2
RFC3	RFC3
JADE1	JADE1
CD9	CD9
APCDD1L	APCDD1L
PDXK	PDXK
WHAMM	WHAMM
SRSF7	SRSF7
IER3	IER3
GDA	GDA
ISYNA1	ISYNA1
RGS9	RGS9
TACC3	TACC3
WDR43	WDR43
AKR1A1	AKR1A1
CENPK	CENPK
NUP50	NUP50
MFHAS1	MFHAS1
TNFAIP3	TNFAIP3
LYPD1	LYPD1
LIMA1	LIMA1
MDK	MDK
CAVIN2	CAVIN2
TSPAN3	TSPAN3
COL12A1	COL12A1
GRN	GRN
AMBP	AMBP
FOXC1	FOXC1
CA2	CA2
ANP32A	ANP32A
TMEM97	TMEM97
MNS1	MNS1
LSM3	LSM3
TPCN1	TPCN1
HDDC2	HDDC2
CCNA2	CCNA2
ARHGEF28	ARHGEF28
MZT2A	MZT2A
POLG	POLG
CEP78	CEP78
MINDY2	MINDY2
USP47	USP47
KYNU	KYNU
MESD	MESD
ARL4D	ARL4D
COX5A	COX5A
HS3ST1	HS3ST1
TPBG	TPBG
EFHD1	EFHD1
SEMA6A	SEMA6A
SPC25	SPC25
RANGAP1	RANGAP1
LIF	LIF
CENPX	CENPX
RCCD1	RCCD1
RETREG1	RETREG1
CXXC5	CXXC5
CXCR4	CXCR4
LACTB2	LACTB2
IFT57	IFT57
SGO2	SGO2
DHCR24	DHCR24
TANC2	TANC2
ID2	ID2
JUP	JUP
BHLHE41	BHLHE41
NOLC1	NOLC1
HMGCS1	HMGCS1
TOB2	TOB2
PPP1R3B	PPP1R3B
WNT7B	WNT7B
SSH2	SSH2
SNRPF	SNRPF
EGR1	EGR1
GGCT	GGCT
SQLE	SQLE
JPT2	JPT2
SOX17	SOX17
SDC2	SDC2
SMC2	SMC2
INSIG2	INSIG2
MPC1	MPC1
GCLC	GCLC
TFDP1	TFDP1
TFAP2A	TFAP2A
DUSP4	DUSP4
TGS1	TGS1
SHTN1	SHTN1
GPNMB	GPNMB
ABLIM1	ABLIM1
EPS8L2	EPS8L2
VPS29	VPS29
FNIP2	FNIP2
HNRNPD	HNRNPD
CERT1	CERT1
TICRR	TICRR
NQO1	NQO1
HSPH1	HSPH1
HSPB1	HSPB1
MPC2	MPC2
DKC1	DKC1
ARHGAP11A	ARHGAP11A
GABPA	GABPA
SDAD1	SDAD1
CYB5R3	CYB5R3
SAC3D1	SAC3D1
LSM5	LSM5
RBPMS	RBPMS
TSTD1	TSTD1
CAPG	CAPG
LRRC17	LRRC17
RPA3	RPA3
SCG5	SCG5
PRICKLE2	PRICKLE2
PRR13	PRR13
VEGFA	VEGFA
CYP3A5	CYP3A5
SUZ12	SUZ12
RRAS2	RRAS2
SKAP1	SKAP1
TMEM245	TMEM245
MIS18BP1	MIS18BP1
PNPLA4	PNPLA4
EVA1B	EVA1B
CEP170	CEP170
BAG3	BAG3
FURIN	FURIN
PNN	PNN
CPD	CPD
TMEM120B	TMEM120B
LAD1	LAD1
FAM111A	FAM111A
ADGRF1	ADGRF1
RASSF6	RASSF6
RAB31	RAB31
NAMPT	NAMPT
KLF2	KLF2
SLFN13	SLFN13
KCNK9	KCNK9
PNP	PNP
ANP32B	ANP32B
SYT1	SYT1
CTSV	CTSV
HELLPAR	HELLPAR
BHMT2	BHMT2
NRCAM	NRCAM
EXOSC8	EXOSC8
NASP	NASP
LRP1	LRP1
GINS2	GINS2
GPATCH4	GPATCH4
MESP1	MESP1
SYNGR2	SYNGR2
FBN1	FBN1
SPNS2	SPNS2
ACY1	ACY1
LMO7	LMO7
OSBPL11	OSBPL11
EEF1A2	EEF1A2
ITGA11	ITGA11
CDCA2	CDCA2
FSTL1	FSTL1
SIVA1	SIVA1
CHAF1A	CHAF1A
DDX39A	DDX39A
TM7SF2	TM7SF2
GTF3A	GTF3A
GAS6	GAS6
COL5A1	COL5A1
HLA-DMB	HLA-DMB
EIF2S3	EIF2S3
LPCAT3	LPCAT3
IFI6	IFI6
MARCKS	MARCKS
PRSS3	PRSS3
CCDC34	CCDC34
PLOD2	PLOD2
GADD45B	GADD45B
CENPN	CENPN
UXS1	UXS1
OSBPL10	OSBPL10
SLC5A3	SLC5A3
F2R	F2R
FOXM1	FOXM1
SNHG19	SNHG19
HGD	HGD
GALNT7	GALNT7
NDC80	NDC80
RAB9A	RAB9A
KIF4A	KIF4A
UBTF	UBTF
TSC22D1	TSC22D1
ESCO2	ESCO2
FOSL2	FOSL2
CLEC11A	CLEC11A
RACGAP1	RACGAP1
SLC3A1	SLC3A1
IGF2BP3	IGF2BP3
LYAR	LYAR
MAP4K4	MAP4K4
DCBLD2	DCBLD2
DANCR	DANCR
ESD	ESD
CD55	CD55
RAMP1	RAMP1
CNKSR3	CNKSR3
CLEC2B	CLEC2B
DKK3	DKK3
KNSTRN	KNSTRN
CYB5A	CYB5A
FBXO22	FBXO22
ARPIN	ARPIN
SPATS2L	SPATS2L
EIF1AX	EIF1AX
PCOLCE	PCOLCE
GAS2L3	GAS2L3
CCT5	CCT5
PHF19	PHF19
METTL21A	METTL21A
PIM3	PIM3
STAT1	STAT1
PRRX2	PRRX2
FOSL1	FOSL1
LACC1	LACC1
MAP1A	MAP1A
PLP2	PLP2
ALCAM	ALCAM
SHROOM3	SHROOM3
DRAM1	DRAM1
PATJ	PATJ
PXDN	PXDN
F11R	F11R
PDZK1	PDZK1
UGT2A3	UGT2A3
AEN	AEN
GLRX	GLRX
MFSD12	MFSD12
MSLN	MSLN
IL7R	IL7R
ATF5	ATF5
ADGRL4	ADGRL4
NPC1	NPC1
NOP56	NOP56
SDC4	SDC4
ARG2	ARG2
MMP14	MMP14
INSIG1	INSIG1
CTSC	CTSC
MTHFS	MTHFS
NORAD	NORAD
METRN	METRN
NCOA3	NCOA3
ANP32E	ANP32E
CCNF	CCNF
VPS13C	VPS13C
POLD3	POLD3
CBX1	CBX1
IQCG	IQCG
PDLIM1	PDLIM1
SCNN1A	SCNN1A
PRKDC	PRKDC
PAXX	PAXX
CSRP2	CSRP2
RFC5	RFC5
CD2AP	CD2AP
PRXL2A	PRXL2A
ZNHIT6	ZNHIT6
IFI30	IFI30
FAM83D	FAM83D
RAPGEF5	RAPGEF5
FLOT1	FLOT1
SCARB1	SCARB1
FAT1	FAT1
NCS1	NCS1
DYNLL2	DYNLL2
ECM1	ECM1
DERA	DERA
PSAT1	PSAT1
FST	FST
GCSH	GCSH
PTPRN	PTPRN
TFDP2	TFDP2
CTSL	CTSL
NT5E	NT5E
PPM1B	PPM1B
SRSF3	SRSF3
BARD1	BARD1
RRP7A	RRP7A
SQOR	SQOR
SFPQ	SFPQ
RBBP8	RBBP8
MSH6	MSH6
SNHG3	SNHG3
ZNF503	ZNF503
VPS25	VPS25
SNHG1	SNHG1
HTATIP2	HTATIP2
CYCS	CYCS
PTPN11	PTPN11
APOL1	APOL1
TCOF1	TCOF1
SLBP	SLBP
SNHG8	SNHG8
KIF14	KIF14
PPM1G	PPM1G
MTHFD1	MTHFD1
BOLA3	BOLA3
ADAM12	ADAM12
GSR	GSR
MCM5	MCM5
NR1D1	NR1D1
ANXA3	ANXA3
NUF2	NUF2
TXNDC12	TXNDC12
DIAPH1	DIAPH1
CTPS1	CTPS1
DNAJB2	DNAJB2
ETFA	ETFA
KLF5	KLF5
RFC4	RFC4
KIF2C	KIF2C
ARF6	ARF6
FNBP1	FNBP1
IDI1	IDI1
TSN	TSN
RHOBTB3	RHOBTB3
HJURP	HJURP
GALNT1	GALNT1
AMACR	AMACR
PSD3	PSD3
SGO1	SGO1
SPHK1	SPHK1
SNRNP25	SNRNP25
TRIB1	TRIB1
UTRN	UTRN
CAMK2N1	CAMK2N1
CLDN11	CLDN11
PHLDA3	PHLDA3
AMOTL2	AMOTL2
KNL1	KNL1
CDC27	CDC27
RALGPS2	RALGPS2
GFPT2	GFPT2
PPP1R14C	PPP1R14C
DDR2	DDR2
COA3	COA3
LOXL2	LOXL2
UNG	UNG
RBM47	RBM47
KIF15	KIF15
MED13	MED13
HDGF	HDGF
EIF6	EIF6
BUB1	BUB1
TENT5A	TENT5A
UTP18	UTP18
L1CAM	L1CAM
COMMD8	COMMD8
ENG	ENG
RAD21	RAD21
SIPA1L2	SIPA1L2
ATIC	ATIC
CLNS1A	CLNS1A
VPS41	VPS41
MAGOHB	MAGOHB
CYREN	CYREN
DYRK2	DYRK2
PSMC3IP	PSMC3IP
EBPL	EBPL
LAMA5	LAMA5
SNX5	SNX5
AK2	AK2
DENR	DENR
TIPARP	TIPARP
YEATS4	YEATS4
FGD6	FGD6
CORO1C	CORO1C
TMEM116	TMEM116
E2F1	E2F1
IRF1	IRF1
WEE1	WEE1
POR	POR
CSE1L	CSE1L
ETHE1	ETHE1
EFTUD2	EFTUD2
RELN	RELN
FBXO32	FBXO32
CYB5D2	CYB5D2
PSMD11	PSMD11
PML	PML
BUB1B	BUB1B
MZT1	MZT1
PPME1	PPME1
CRTC3	CRTC3
CDCA7	CDCA7
FZD5	FZD5
LYRM4	LYRM4
IL4I1	IL4I1
GOT1	GOT1
NAV1	NAV1
SEMA4B	SEMA4B
YBX3	YBX3
MRTO4	MRTO4
POLR2M	POLR2M
ITGB4	ITGB4
GOSR1	GOSR1
SLC16A6	SLC16A6
IMPDH2	IMPDH2
CRB3	CRB3
EMG1	EMG1
CBX5	CBX5
KLHL23	KLHL23
COX11	COX11
IRF8	IRF8
GPN3	GPN3
CEP290	CEP290
MCM6	MCM6
DBF4	DBF4
LXN	LXN
PHIP	PHIP
MYO19	MYO19
EFNA5	EFNA5
CLINT1	CLINT1
PDRG1	PDRG1
NDUFAF8	NDUFAF8
KLF9	KLF9
CIT	CIT
HSPD1	HSPD1
TTK	TTK
PIR	PIR
CDCP1	CDCP1
KCNJ8	KCNJ8
ECI1	ECI1
KAZN	KAZN
OSGIN1	OSGIN1
UTP6	UTP6
CBFA2T2	CBFA2T2
MTHFD2	MTHFD2
NSD2	NSD2
SMC3	SMC3
TRIM47	TRIM47
AP1S2	AP1S2
FARP1	FARP1
PAK1IP1	PAK1IP1
KIDINS220	KIDINS220
PTTG1IP	PTTG1IP
NHP2	NHP2
ARHGEF35	ARHGEF35
DLEU1	DLEU1
EZH2	EZH2
TIPIN	TIPIN
FARSB	FARSB
SLC25A3	SLC25A3
KRT222	KRT222
HKDC1	HKDC1
SLFN5	SLFN5
STAT3	STAT3
ARRDC3	ARRDC3
PSMG4	PSMG4
CR1L	CR1L
CNDP2	CNDP2
SPC24	SPC24
ERP29	ERP29
CDH6	CDH6
RUVBL1	RUVBL1
TPD52	TPD52
EIF4E3	EIF4E3
CKAP5	CKAP5
LTBP1	LTBP1
SLC48A1	SLC48A1
PAQR5	PAQR5
SLC39A14	SLC39A14
RSL1D1	RSL1D1
DDX54	DDX54
SEC11C	SEC11C
UTP20	UTP20
TOMM5	TOMM5
CRYZ	CRYZ
SLC16A4	SLC16A4
NEDD4L	NEDD4L
PCSK5	PCSK5
PWWP3B	PWWP3B
TGFB1I1	TGFB1I1
PHLDA2	PHLDA2
ST14	ST14
DNAJA4	DNAJA4
MFSD2A	MFSD2A
ADSL	ADSL
PCCA-DT	PCCA-DT
LUCAT1	LUCAT1
KIF18B	KIF18B
NDUFA12	NDUFA12
ATP5F1B	ATP5F1B
C1S	C1S
RAB11FIP1	RAB11FIP1
ADAP2	ADAP2
RAB27B	RAB27B
FAM20C	FAM20C
TLK2	TLK2
NOP16	NOP16
GRB7	GRB7
PARPBP	PARPBP
TMEM265	TMEM265
AGPAT2	AGPAT2
NBN	NBN
SH3KBP1	SH3KBP1
SERINC2	SERINC2
PPP1CB	PPP1CB
KLF10	KLF10
DSEL	DSEL
CDK12	CDK12
DUSP6	DUSP6
CKAP2L	CKAP2L
SSTR1	SSTR1
CDCA8	CDCA8
MUC13	MUC13
NCAPH	NCAPH
COL7A1	COL7A1
MMP15	MMP15
TFRC	TFRC
CSGALNACT1	CSGALNACT1
NIBAN1	NIBAN1
PLEKHO1	PLEKHO1
LMNB1	LMNB1
NEK2	NEK2
COBLL1	COBLL1
LAMC1	LAMC1
LSM4	LSM4
EMP3	EMP3
CEP152	CEP152
FAM3C	FAM3C
GPR160	GPR160
MSRB1	MSRB1
TRIB3	TRIB3
SLC17A3	SLC17A3
ADA	ADA
TRAP1	TRAP1
DHX16	DHX16
ANKLE2	ANKLE2
TRAPPC2L	TRAPPC2L
ESRP1	ESRP1
AKAP1	AKAP1
MYEF2	MYEF2
PAG1	PAG1
MFAP2	MFAP2
TBL1XR1	TBL1XR1
TLCD4	TLCD4
TIMELESS	TIMELESS
PRKAA2	PRKAA2
UBR3	UBR3
SPSB2	SPSB2
MYO5B	MYO5B
IBTK	IBTK
SHCBP1	SHCBP1
HMGB3	HMGB3
DUSP1	DUSP1
TNC	TNC
GTF2A2	GTF2A2
OLFM2	OLFM2
ACTL6A	ACTL6A
PITX1	PITX1
DUXAP8	DUXAP8
ZWILCH	ZWILCH
CDC25B	CDC25B
CHD7	CHD7
PSME1	PSME1
DDR1	DDR1
TRIAP1	TRIAP1
TNIK	TNIK
MCTP1	MCTP1
RSRC2	RSRC2
LRRC59	LRRC59
ATRNL1	ATRNL1
PSME2	PSME2
ZFAS1	ZFAS1
MLEC	MLEC
NAV3	NAV3
GTF3C6	GTF3C6
EDIL3	EDIL3
PARD6B	PARD6B
TCEA3	TCEA3
RAB3B	RAB3B
SDSL	SDSL
UBB	UBB
MSH2	MSH2
RFC2	RFC2
THSD4	THSD4
SNRPN	SNRPN
DEPDC1B	DEPDC1B
PARP14	PARP14
TMOD1	TMOD1
TMEM14A	TMEM14A
GLIPR1	GLIPR1
IGF2BP2	IGF2BP2
PKP4	PKP4
EMP1	EMP1
BLVRB	BLVRB
ACP6	ACP6
LRPPRC	LRPPRC
LGALS3	LGALS3
AURKB	AURKB
CRELD2	CRELD2
RBMX	RBMX
OSGIN2	OSGIN2
IFRD1	IFRD1
GNPTAB	GNPTAB
NR2F1	NR2F1
MBD2	MBD2
LDHA	LDHA
COPZ1	COPZ1
CDYL	CDYL
DAG1	DAG1
PLCB4	PLCB4
NUDT15	NUDT15
PPP1R9A	PPP1R9A
FDXR	FDXR
ZBTB10	ZBTB10
CD320	CD320
INCENP	INCENP
ERBB4	ERBB4
ARHGEF5	ARHGEF5
TM7SF3	TM7SF3
MALT1	MALT1
ZFAND2A	ZFAND2A
MND1	MND1
WNT10A	WNT10A
DBNDD2	DBNDD2
SPX	SPX
CDH13	CDH13
CCDC47	CCDC47
PTGR1	PTGR1
NDFIP2	NDFIP2
KRT80	KRT80
HNRNPA2B1	HNRNPA2B1
XRCC6	XRCC6
ASF1B	ASF1B
CHD2	CHD2
NPTN	NPTN
ADAMTS4	ADAMTS4
NBAS	NBAS
NME4	NME4
TOM1L1	TOM1L1
ASS1	ASS1
VRK1	VRK1
IFI35	IFI35
MYADM	MYADM
FERMT2	FERMT2
GEM	GEM
ITGAV	ITGAV
ECH1	ECH1
NOP58	NOP58
NMT1	NMT1
POLD2	POLD2
U2SURP	U2SURP
DPYSL3	DPYSL3
ARPP19	ARPP19
PSMB9	PSMB9
RFFL	RFFL
KIFC1	KIFC1
GTF3C5	GTF3C5
THOC3	THOC3
RNF114	RNF114
NTM	NTM
TCF12	TCF12
IPO5	IPO5
RAB5IF	RAB5IF
APEH	APEH
BRIP1	BRIP1
ID4	ID4
ORMDL2	ORMDL2
CLN6	CLN6
SMARCE1	SMARCE1
TCERG1	TCERG1
VDAC1	VDAC1
HEXIM1	HEXIM1
TSPAN12	TSPAN12
NUDT1	NUDT1
SAMMSON	SAMMSON
ENTPD5	ENTPD5
WBP11	WBP11
SLC39A10	SLC39A10
PSME3	PSME3
KLK11	KLK11
BUD23	BUD23
AMN	AMN
LUM	LUM
TMEM30A	TMEM30A
EMILIN1	EMILIN1
PDHA1	PDHA1
EEF1E1	EEF1E1
SNF8	SNF8
MCM10	MCM10
SLC35E3	SLC35E3
PRDM1	PRDM1
STX7	STX7
WSB1	WSB1
FAM114A2	FAM114A2
NCAPH2	NCAPH2
TES	TES
STRBP	STRBP
NCEH1	NCEH1
HLF	HLF
MELK	MELK
PLEKHB1	PLEKHB1
COPRS	COPRS
TIMM10	TIMM10
ERBB2	ERBB2
ANXA11	ANXA11
DUSP3	DUSP3
RAB11FIP4	RAB11FIP4
GK	GK
PDGFRB	PDGFRB
PRDX3	PRDX3
ZDHHC12	ZDHHC12
SRSF1	SRSF1
CTCF	CTCF
SRSF2	SRSF2
BCL7A	BCL7A
MTAP	MTAP
SLCO3A1	SLCO3A1
ENO1	ENO1
HAUS6	HAUS6
NUP107	NUP107
BCAT1	BCAT1
KIF18A	KIF18A
CUEDC1	CUEDC1
SGK1	SGK1
XAGE2	XAGE2
CDCA5	CDCA5
FEM1C	FEM1C
CARMIL1	CARMIL1
VEZF1	VEZF1
NUAK2	NUAK2
PSMG1	PSMG1
HNRNPH3	HNRNPH3
OFD1	OFD1
DEPTOR	DEPTOR
MCRIP2	MCRIP2
APCDD1L-DT	APCDD1L-DT
SLC25A37	SLC25A37
SEMA3B	SEMA3B
TTF2	TTF2
TOMM22	TOMM22
MPHOSPH9	MPHOSPH9
SSX2IP	SSX2IP
NR4A1	NR4A1
F3	F3
POLE	POLE
METTL2A	METTL2A
SCAMP2	SCAMP2
CDC42EP1	CDC42EP1
CDKN2C	CDKN2C
CYS1	CYS1
TGFB2	TGFB2
ZMAT3	ZMAT3
AMD1	AMD1
TFAM	TFAM
B3GNT3	B3GNT3
TMED3	TMED3
WNK1	WNK1
APRT	APRT
POP5	POP5
BABAM2	BABAM2
KCTD12	KCTD12
SNRPD1	SNRPD1
CMSS1	CMSS1
CDH11	CDH11
BUB3	BUB3
GNA13	GNA13
YDJC	YDJC
SMIM24	SMIM24
CAND1	CAND1
BLOC1S5	BLOC1S5
TMEM54	TMEM54
GOLM1	GOLM1
RBL1	RBL1
SNRPA	SNRPA
TKT	TKT
PTPN3	PTPN3
FNBP1L	FNBP1L
UBE2D2	UBE2D2
JUNB	JUNB
PRSS8	PRSS8
POLR3K	POLR3K
UBALD2	UBALD2
PAK1	PAK1
AVPI1	AVPI1
NCOR2	NCOR2
CISD3	CISD3
JUN	JUN
BIK	BIK
PAPSS2	PAPSS2
CARHSP1	CARHSP1
SVIL	SVIL
NOL11	NOL11
BTG2	BTG2
SLC12A7	SLC12A7
PGAM5	PGAM5
DUSP14	DUSP14
SNAI2	SNAI2
KCNMA1	KCNMA1
CDCA4	CDCA4
TP53I3	TP53I3
FOXE1	FOXE1
CCND1	CCND1
POU3F3	POU3F3
MCU	MCU
DNM3	DNM3
PTPDC1	PTPDC1
TOMM40	TOMM40
TCHP	TCHP
RRP1B	RRP1B
SEMA3C	SEMA3C
MYO6	MYO6
MEGF9	MEGF9
HNRNPR	HNRNPR
SPINT1	SPINT1
SLCO4A1	SLCO4A1
APPL1	APPL1
TGFB1	TGFB1
FRMD4B	FRMD4B
STX2	STX2
CIP2A	CIP2A
MLLT11	MLLT11
SQSTM1	SQSTM1
HOXB8	HOXB8
IMP3	IMP3
JAG1	JAG1
PDE4DIP	PDE4DIP
CAMTA2	CAMTA2
ARIH1	ARIH1
PNPO	PNPO
FBL	FBL
CAVIN3	CAVIN3
KNOP1	KNOP1
ZFP36L2	ZFP36L2
TUBA4B	TUBA4B
UCHL3	UCHL3
NOC3L	NOC3L
GAREM1	GAREM1
GBP2	GBP2
FGD4	FGD4
NAXE	NAXE
PADI2	PADI2
TLE3	TLE3
CDT1	CDT1
IL6ST	IL6ST
TWIST2	TWIST2
HSBP1L1	HSBP1L1
INAFM1	INAFM1
RRS1	RRS1
HNRNPU	HNRNPU
CDKN2D	CDKN2D
RCN2	RCN2
TWIST1	TWIST1
DOK7	DOK7
PHB2	PHB2
BDP1	BDP1
NRM	NRM
SUPT16H	SUPT16H
PRELID1	PRELID1
NCALD	NCALD
KMT5A	KMT5A
CGAS	CGAS
GAMT	GAMT
GNL3	GNL3
TRIM37	TRIM37
AP2B1	AP2B1
BTBD10	BTBD10
RPN2	RPN2
PKMYT1	PKMYT1
USP53	USP53
SRRT	SRRT
ALYREF	ALYREF
SDF2L1	SDF2L1
POLR2H	POLR2H
HMGA1	HMGA1
DESI1	DESI1
CYB561	CYB561
MTFP1	MTFP1
NUP62	NUP62
FMNL2	FMNL2
TERF1	TERF1
DST	DST
OAF	OAF
DTL	DTL
INTS2	INTS2
SHPRH	SHPRH
ANTXR1	ANTXR1
NRIP1	NRIP1
TMEM139	TMEM139
DOCK7	DOCK7
BDKRB2	BDKRB2
CARS2	CARS2
CDKAL1	CDKAL1
CASP8	CASP8
NCOA7	NCOA7
BHLHE40	BHLHE40
GTPBP4	GTPBP4
NUP37	NUP37
ABCC4	ABCC4
SOX6	SOX6
ODF3B	ODF3B
NFKB2	NFKB2
TROAP	TROAP
VPS36	VPS36
MTX1	MTX1
HMCN1	HMCN1
KIZ	KIZ
GUCY1B1	GUCY1B1
RIF1	RIF1
NETO2	NETO2
SLC7A2	SLC7A2
PDLIM4	PDLIM4
GNPDA1	GNPDA1
EXOSC9	EXOSC9
PARD3	PARD3
HCFC1R1	HCFC1R1
RAD50	RAD50
AP3S2	AP3S2
AARSD1	AARSD1
TLNRD1	TLNRD1
AOPEP	AOPEP
TTLL12	TTLL12
ATXN10	ATXN10
TPM1	TPM1
MASTL	MASTL
HOXD11	HOXD11
TPRKB	TPRKB
DGKH	DGKH
CD82	CD82
TOPBP1	TOPBP1
DDX21	DDX21
UNC45A	UNC45A
BBC3	BBC3
PPP1R1A	PPP1R1A
PKM	PKM
IGFLR1	IGFLR1
LBR	LBR
ANAPC5	ANAPC5
CFI	CFI
PAFAH1B3	PAFAH1B3
ZEB1	ZEB1
IARS2	IARS2
TMEM9	TMEM9
UQCC3	UQCC3
TRIOBP	TRIOBP
FAM136A	FAM136A
YTHDF3	YTHDF3
UCHL5	UCHL5
RIOK1	RIOK1
PRRG1	PRRG1
SSRP1	SSRP1
MAP3K1	MAP3K1
OLA1	OLA1
PGP	PGP
CLIP1	CLIP1
GSTM3	GSTM3
NTPCR	NTPCR
MYCBP	MYCBP
ABHD2	ABHD2
SIGMAR1	SIGMAR1
CENPH	CENPH
PTPN1	PTPN1
HOXD8	HOXD8
STX3	STX3
FAM162A	FAM162A
LOX	LOX
BANF1	BANF1
PYCARD	PYCARD
ETV4	ETV4
COMTD1	COMTD1
LSM2	LSM2
POLE2	POLE2
TCF19	TCF19
GSPT1	GSPT1
DLG1	DLG1
CDKL2	CDKL2
DDX23	DDX23
MYH10	MYH10
ACAT2	ACAT2
RIOK3	RIOK3
CRNDE	CRNDE
LSM6	LSM6
PPIH	PPIH
GTF2H3	GTF2H3
MAP4K3-DT	MAP4K3-DT
VEZT	VEZT
MIDN	MIDN
MCCC2	MCCC2
EBNA1BP2	EBNA1BP2
CDK6	CDK6
ME1	ME1
MAP9	MAP9
SLC35F6	SLC35F6
PWP1	PWP1
NCKAP5	NCKAP5
FAM114A1	FAM114A1
MYLK	MYLK
ABCC3	ABCC3
ABCC2	ABCC2
MXD3	MXD3
RCN3	RCN3
HIRIP3	HIRIP3
SRPK1	SRPK1
PDE10A	PDE10A
PPP2R5A	PPP2R5A
HAT1	HAT1
BRIX1	BRIX1
PKP3	PKP3
BTG3	BTG3
MAP1LC3A	MAP1LC3A
PRTFDC1	PRTFDC1
VDAC3	VDAC3
MISP	MISP
ASPHD1	ASPHD1
CHRAC1	CHRAC1
NID1	NID1
FRMD6	FRMD6
GCLM	GCLM
AFF1	AFF1
EP400	EP400
SLC8A1	SLC8A1
ANGPTL2	ANGPTL2
NRARP	NRARP
GALNT14	GALNT14
NAA15	NAA15
PITPNM1	PITPNM1
BDNF	BDNF
NOC4L	NOC4L
PIAS2	PIAS2
IGFBP7	IGFBP7
IER2	IER2
USP9X	USP9X
GALNT11	GALNT11
DNER	DNER
AHR	AHR
NIFK	NIFK
FUCA1	FUCA1
VAV3	VAV3
CTDSPL	CTDSPL
ITGA5	ITGA5
POLE3	POLE3
HIGD1A	HIGD1A
RCAN1	RCAN1
CHRNA5	CHRNA5
THAP12	THAP12
SMAD5	SMAD5
CCDC198	CCDC198
HMGN1	HMGN1
SLC16A7	SLC16A7
SLC27A2	SLC27A2
HSPA9	HSPA9
YTHDC1	YTHDC1
STEAP1	STEAP1
MMP16	MMP16
ANAPC7	ANAPC7
GCNT1	GCNT1
SMS	SMS
ALG8	ALG8
HNRNPH1	HNRNPH1
NEU1	NEU1
NDUFAF3	NDUFAF3
NAE1	NAE1
KIF22	KIF22
KIAA1217	KIAA1217
INPP4B	INPP4B
NPR1	NPR1
HNRNPM	HNRNPM
SLTM	SLTM
DAAM1	DAAM1
LRRC61	LRRC61
FAH	FAH
NFIB	NFIB
TBC1D1	TBC1D1
USB1	USB1
WDR73	WDR73
SNHG4	SNHG4
CRACR2B	CRACR2B
AFG3L2	AFG3L2
DDX1	DDX1
CAPN1	CAPN1
SH3PXD2A	SH3PXD2A
EPB41	EPB41
TNFAIP8L1	TNFAIP8L1
TUBB2A	TUBB2A
DAB2	DAB2
SESTD1	SESTD1
WDR76	WDR76
ERBB3	ERBB3
UHRF1	UHRF1
PIK3R1	PIK3R1
DDX11	DDX11
CCDC59	CCDC59
ADAMTS6	ADAMTS6
KNTC1	KNTC1
PPP1R12A	PPP1R12A
EIF3D	EIF3D
ABCE1	ABCE1
IFI27L2	IFI27L2
CHCHD6	CHCHD6
ZCRB1	ZCRB1
RPS6KA5	RPS6KA5
PLEK2	PLEK2
CIAO2A	CIAO2A
EHD1	EHD1
FANCD2	FANCD2
PHF5A	PHF5A
CDC42BPB	CDC42BPB
MCL1	MCL1
GGH	GGH
SMIM13	SMIM13
HHEX	HHEX
MCM8	MCM8
IDH3A	IDH3A
GPSM2	GPSM2
MIR4435-2HG	MIR4435-2HG
RASSF8	RASSF8
POP1	POP1
MIS18A	MIS18A
PSMA3	PSMA3
GSS	GSS
PRIM1	PRIM1
KRT27	KRT27
HPRT1	HPRT1
SAMD1	SAMD1
PLLP	PLLP
ETS2	ETS2
NABP1	NABP1
FLRT2	FLRT2
SORL1	SORL1
BCLAF1	BCLAF1
GPD2	GPD2
IRS2	IRS2
KHSRP	KHSRP
TCEA1	TCEA1
AFDN	AFDN
ZEB2	ZEB2
FKBP10	FKBP10
STRAP	STRAP
MMS22L	MMS22L
ACTN4	ACTN4
SFSWAP	SFSWAP
SRPX2	SRPX2
PLXNB2	PLXNB2
LSM12	LSM12
NEIL3	NEIL3
DYRK3	DYRK3
SMARCA4	SMARCA4
PLBD1	PLBD1
UGT2B7	UGT2B7
RESF1	RESF1
GCN1	GCN1
NAA40	NAA40
SNRPA1	SNRPA1
SNAPC5	SNAPC5
TMEM106B	TMEM106B
CHCHD3	CHCHD3
BTBD7	BTBD7
ABHD11	ABHD11
PRKAR2B	PRKAR2B
GIHCG	GIHCG
RASSF7	RASSF7
CREB5	CREB5
PRRG4	PRRG4
DLC1	DLC1
RAB17	RAB17
NUDT8	NUDT8
KANSL1	KANSL1
ECI2	ECI2
PPP1CC	PPP1CC
METTL5	METTL5
RAMAC	RAMAC
METTL27	METTL27
EPHX1	EPHX1
ARL4A	ARL4A
BCL2L12	BCL2L12
SRM	SRM
COX7A1	COX7A1
TMEM205	TMEM205
ACOT9	ACOT9
RAPGEF3	RAPGEF3
PLS1	PLS1
CASC3	CASC3
UVRAG	UVRAG
COL4A4	COL4A4
PPID	PPID
TP53BP2	TP53BP2
SMCHD1	SMCHD1
SLC20A1	SLC20A1
CRIP2	CRIP2
RABL6	RABL6
RNF157	RNF157
VMA21	VMA21
CCNYL1	CCNYL1
MBP	MBP
PDCD11	PDCD11
TPMT	TPMT
JARID2	JARID2
DDX55	DDX55
CDKN2AIPNL	CDKN2AIPNL
SF3B2	SF3B2
MAP7	MAP7
CSK	CSK
MED1	MED1
STK3	STK3
PAGR1	PAGR1
HSP90B1	HSP90B1
SNX29	SNX29
ICE2	ICE2
RBM14	RBM14
PRKX	PRKX
SYNPO2	SYNPO2
TPM2	TPM2
STIL	STIL
NFYB	NFYB
PPAT	PPAT
HSDL2	HSDL2
EPDR1	EPDR1
PRKAG2	PRKAG2
ARL17A	ARL17A
CHMP4C	CHMP4C
LIG1	LIG1
MIR100HG	MIR100HG
CCDC43	CCDC43
OPHN1	OPHN1
CREG1	CREG1
ARHGAP22	ARHGAP22
STOM	STOM
TRIP13	TRIP13
SLC2A4RG	SLC2A4RG
FBXO2	FBXO2
PDCD7	PDCD7
RRP9	RRP9
TIMM50	TIMM50
YIPF6	YIPF6
NENF	NENF
WBP4	WBP4
MAPK13	MAPK13
MAT2A	MAT2A
HSPA4L	HSPA4L
ANAPC15	ANAPC15
ST6GAL1	ST6GAL1
ISCU	ISCU
CFAP97	CFAP97
NPM3	NPM3
GTF2F2	GTF2F2
SUCLA2	SUCLA2
ZC3H13	ZC3H13
PARVB	PARVB
ICMT	ICMT
CA12	CA12
TEAD4	TEAD4
LYPD3	LYPD3
ABCA1	ABCA1
NUAK1	NUAK1
GPC6	GPC6
DDHD1	DDHD1
EID3	EID3
DCAF7	DCAF7
WWC2	WWC2
ARL2	ARL2
SNHG15	SNHG15
CYTOR	CYTOR
FAM241B	FAM241B
HSPG2	HSPG2
SNU13	SNU13
MIR3936HG	MIR3936HG
HAUS2	HAUS2
TMEM132A	TMEM132A
PPCS	PPCS
UBL3	UBL3
TRAPPC6A	TRAPPC6A
WASF2	WASF2
CREBRF	CREBRF
GTPBP8	GTPBP8
VAMP5	VAMP5
POLR2I	POLR2I
CAD	CAD
ATF7IP	ATF7IP
KCNK1	KCNK1
POLA2	POLA2
CAAP1	CAAP1
SMG1	SMG1
PLEKHG3	PLEKHG3
LAMA4	LAMA4
SAPCD2	SAPCD2
METTL1	METTL1
RIPK2	RIPK2
E2F7	E2F7
PRDX5	PRDX5
CDC45	CDC45
PSORS1C3	PSORS1C3
PSMA4	PSMA4
MCUR1	MCUR1
EMX1	EMX1
ALG14	ALG14
DAZAP1	DAZAP1
ZNF326	ZNF326
PLCD3	PLCD3
HERPUD1	HERPUD1
NF2	NF2
GTF2H5	GTF2H5
CCDC71L	CCDC71L
COIL	COIL
ITGB3BP	ITGB3BP
MGME1	MGME1
UMPS	UMPS
MICAL2	MICAL2
FTSJ3	FTSJ3
PIGP	PIGP
CYC1	CYC1
ITGB1-DT	ITGB1-DT
TMEM47	TMEM47
FTH1	FTH1
NREP	NREP
CDS1	CDS1
PIP4K2A	PIP4K2A
MME	MME
CCDC14	CCDC14
NUDT14	NUDT14
CMAS	CMAS
DSE	DSE
CLN5	CLN5
RAB5C	RAB5C
NUP153	NUP153
RSPRY1	RSPRY1
PRKAB1	PRKAB1
PTPRR	PTPRR
SPAG1	SPAG1
ZC3HAV1	ZC3HAV1
CBR3	CBR3
ALG5	ALG5
ZNF652	ZNF652
SFXN4	SFXN4
SYTL3	SYTL3
KITLG	KITLG
LYN	LYN
ERG28	ERG28
SDHAF3	SDHAF3
G2E3	G2E3
GGNBP2	GGNBP2
AK4	AK4
ANKRD40	ANKRD40
GMPS	GMPS
PUS7L	PUS7L
RFLNB	RFLNB
PHLDB2	PHLDB2
ACACA	ACACA
HOTAIRM1	HOTAIRM1
DSC2	DSC2
TLCD1	TLCD1
SYNGR1	SYNGR1
HAPLN3	HAPLN3
TBXAS1	TBXAS1
GART	GART
OAS3	OAS3
ITSN2	ITSN2
ZNF664	ZNF664
SIN3A	SIN3A
TMEM141	TMEM141
CACYBP	CACYBP
PLEKHA1	PLEKHA1
CHD1	CHD1
UBE2Z	UBE2Z
HMGA2	HMGA2
ACADM	ACADM
POU2F1	POU2F1
MFAP3L	MFAP3L
ITPR3	ITPR3
EIF4A3	EIF4A3
MSMO1	MSMO1
RHNO1	RHNO1
PPP1R15A	PPP1R15A
PVR	PVR
SLC45A4	SLC45A4
NDRG1	NDRG1
WAPL	WAPL
SBNO1	SBNO1
GLIS3	GLIS3
RUVBL2	RUVBL2
NHSL1	NHSL1
MYO10	MYO10
CEP250	CEP250
FHL2	FHL2
MGST2	MGST2
UNC5B	UNC5B
SKA3	SKA3
PNPT1	PNPT1
SDC1	SDC1
ZMYND8	ZMYND8
APOBEC3C	APOBEC3C
POLD4	POLD4
HOMER1	HOMER1
IPO4	IPO4
SORD	SORD
CRLF3	CRLF3
SMIM3	SMIM3
RGS14	RGS14
CMTM7	CMTM7
EMC9	EMC9
PCNT	PCNT
HNRNPA3	HNRNPA3
ITPRIPL2	ITPRIPL2
M6PR	M6PR
CASC15	CASC15
NOP14	NOP14
RBM27	RBM27
DNM1L	DNM1L
KANK2	KANK2
ATF4	ATF4
EFL1	EFL1
SYTL2	SYTL2
CERNA2	CERNA2
IL1R1	IL1R1
PREX2	PREX2
PTGES3	PTGES3
ARL2BP	ARL2BP
PEX11A	PEX11A
NABP2	NABP2
NDUFA9	NDUFA9
FANCA	FANCA
NCAPG2	NCAPG2
LRP6	LRP6
RAB11A	RAB11A
EFEMP2	EFEMP2
DDB2	DDB2
KIFC3	KIFC3
CALM2	CALM2
NR4A2	NR4A2
BLMH	BLMH
POLR2C	POLR2C
CALM1	CALM1
CDK14	CDK14
DNAAF4	DNAAF4
EGFR	EGFR
HOXB2	HOXB2
F2RL1	F2RL1
HS3ST3A1	HS3ST3A1
ENC1	ENC1
KCNE3	KCNE3
SLC7A1	SLC7A1
NCAPD3	NCAPD3
ETNK1	ETNK1
PDCL3	PDCL3
DCXR	DCXR
ANKRD18B	ANKRD18B
SNRPB	SNRPB
SNHG17	SNHG17
ZBTB20	ZBTB20
ZNRD2	ZNRD2
WIPF2	WIPF2
NR2F2	NR2F2
NUDCD2	NUDCD2
LRR1	LRR1
MCM2	MCM2
LRMDA	LRMDA
CBR1	CBR1
USP10	USP10
PLEKHA5	PLEKHA5
CENPS	CENPS
MXRA8	MXRA8
IRAK3	IRAK3
NUDT21	NUDT21
PDCD6IP	PDCD6IP
ATP5IF1	ATP5IF1
ITGB1BP1	ITGB1BP1
BEX3	BEX3
PRR5L	PRR5L
CDC42EP3	CDC42EP3
EMP2	EMP2
LASP1	LASP1
CTTNBP2	CTTNBP2
CCDC88A	CCDC88A
TIMM9	TIMM9
TENT4B	TENT4B
SLC25A29	SLC25A29
SAMD5	SAMD5
ALKBH2	ALKBH2
ARHGAP24	ARHGAP24
ZNF207	ZNF207
SPAG5	SPAG5
CDK5RAP2	CDK5RAP2
IREB2	IREB2
MDC1	MDC1
SLC39A4	SLC39A4
FAM83A	FAM83A
SLC39A8	SLC39A8
LY96	LY96
SEC14L1	SEC14L1
TXNDC5	TXNDC5
DOK4	DOK4
NMNAT3	NMNAT3
TSC2	TSC2
SLIT2	SLIT2
TACO1	TACO1
CHML	CHML
DSN1	DSN1
LLGL2	LLGL2
KHDRBS3	KHDRBS3
ADAMTS9	ADAMTS9
LPCAT2	LPCAT2
SLC20A2	SLC20A2
CXADR	CXADR
TTLL4	TTLL4
TSPAN5	TSPAN5
TIGAR	TIGAR
PLEKHA6	PLEKHA6
SEL1L3	SEL1L3
LGMN	LGMN
CCAR1	CCAR1
ARID3B	ARID3B
CHEK2	CHEK2
SRRM1	SRRM1
PTPN14	PTPN14
ATAD3A	ATAD3A
ING2	ING2
YIF1A	YIF1A
PPP1R3G	PPP1R3G
NAA25	NAA25
TRIM59	TRIM59
CEP95	CEP95
RFWD3	RFWD3
TCAIM	TCAIM
CLPB	CLPB
RASEF	RASEF
ISOC2	ISOC2
TDG	TDG
ADGRL2	ADGRL2
CCPG1	CCPG1
LMNB2	LMNB2
ACVR1B	ACVR1B
AIG1	AIG1
KCP	KCP
FKBP3	FKBP3
GPR180	GPR180
SART3	SART3
CPPED1	CPPED1
MTUS1	MTUS1
VLDLR	VLDLR
NMI	NMI
ATP6V1C1	ATP6V1C1
VEGFC	VEGFC
PRKCA	PRKCA
MTX2	MTX2
PYCR1	PYCR1
FSCN1	FSCN1
GPD1	GPD1
NXT1	NXT1
DCPS	DCPS
KCNJ16	KCNJ16
HOMER2	HOMER2
LARP1B	LARP1B
KHDRBS1	KHDRBS1
PM20D2	PM20D2
NET1	NET1
TSPAN14	TSPAN14
DDX46	DDX46
DAPK1	DAPK1
TCEAL7	TCEAL7
RBM26	RBM26
RABGAP1L	RABGAP1L
RNF19B	RNF19B
RBBP7	RBBP7
ATP6V1A	ATP6V1A
NT5C3B	NT5C3B
MAP2	MAP2
SNX2	SNX2
UBE2Q2	UBE2Q2
CLPX	CLPX
TPST1	TPST1
DGKE	DGKE
AGRN	AGRN
COTL1	COTL1
RFC1	RFC1
PISD	PISD
PABPC4	PABPC4
SEPTIN11	SEPTIN11
HCCS	HCCS
MALAT1	MALAT1
NAV2	NAV2
ANK3	ANK3
DONSON	DONSON
SLC25A30	SLC25A30
PCID2	PCID2
MLXIP	MLXIP
MDN1	MDN1
RAD18	RAD18
NFIA	NFIA
ROCK2	ROCK2
CLPTM1L	CLPTM1L
HNRNPA1	HNRNPA1
AGFG1	AGFG1
CDK16	CDK16
MAGI3	MAGI3
ELF1	ELF1
SYK	SYK
DSCC1	DSCC1
SBSPON	SBSPON
BCAR3	BCAR3
GOT2	GOT2
ACOT7	ACOT7
RRM2B	RRM2B
SOCS1	SOCS1
SPTBN1	SPTBN1
NPAS2	NPAS2
CARD10	CARD10
PNRC2	PNRC2
MEG8	MEG8
AP2A2	AP2A2
TLE4	TLE4
SMARCD2	SMARCD2
TIMMDC1	TIMMDC1
SEMA7A	SEMA7A
BRD7	BRD7
RB1	RB1
MAN2A2	MAN2A2
SMTN	SMTN
BTBD3	BTBD3
AGPAT5	AGPAT5
SNRNP48	SNRNP48
C1QTNF1	C1QTNF1
ADCY5	ADCY5
BAIAP2L1	BAIAP2L1
SOCS3	SOCS3
TEDC1	TEDC1
BCL3	BCL3
POLR3H	POLR3H
NSD1	NSD1
G6PD	G6PD
KAT2A	KAT2A
CFH	CFH
STARD13	STARD13
RGMB	RGMB
ITGB6	ITGB6
FUOM	FUOM
ADAM19	ADAM19
SLC25A13	SLC25A13
CMTM8	CMTM8
UBTD2	UBTD2
PVT1	PVT1
ALG3	ALG3
CARD16	CARD16
HNRNPDL	HNRNPDL
NDUFC1	NDUFC1
CFD	CFD
SLC12A8	SLC12A8
ZNF518A	ZNF518A
PHACTR4	PHACTR4
SET	SET
BOP1	BOP1
HOXC8	HOXC8
NDC1	NDC1
HOXA10	HOXA10
MPST	MPST
NUP155	NUP155
TXLNG	TXLNG
CNTRL	CNTRL
TINAG	TINAG
RIDA	RIDA
EGFL7	EGFL7
ITGA6	ITGA6
ACOT13	ACOT13
DDIAS	DDIAS
PYGL	PYGL
GINS1	GINS1
TUBGCP3	TUBGCP3
NSMCE4A	NSMCE4A
KAT7	KAT7
BMS1	BMS1
CLCF1	CLCF1
SKA1	SKA1
ITPRIP	ITPRIP
DLEU2	DLEU2
CHEK1	CHEK1
LPGAT1	LPGAT1
IFRD2	IFRD2
SAE1	SAE1
RBKS	RBKS
BMP2K	BMP2K
ICAM2	ICAM2
PUS1	PUS1
PTPRF	PTPRF
HSPA4	HSPA4
MAP2K3	MAP2K3
MYO5C	MYO5C
PILRB	PILRB
TRIM38	TRIM38
IMP4	IMP4
STK39	STK39
LY75	LY75
RASGRP1	RASGRP1
SUDS3	SUDS3
CTTNBP2NL	CTTNBP2NL
BLVRA	BLVRA
LDLR	LDLR
MSX1	MSX1
ULBP2	ULBP2
BCKDHB	BCKDHB
THRAP3	THRAP3
NAA50	NAA50
WDR74	WDR74
KCND2	KCND2
SPECC1	SPECC1
HAUS1	HAUS1
DLGAP1	DLGAP1
ERVMER34-1	ERVMER34-1
PPP1CA	PPP1CA
AAAS	AAAS
FKBP5	FKBP5
TRIM25	TRIM25
PLAGL1	PLAGL1
CDYL2	CDYL2
SMC6	SMC6
TIMM8A	TIMM8A
BEX4	BEX4
FAM174B	FAM174B
BNC2	BNC2
ECE1	ECE1
IGSF3	IGSF3
TNFAIP1	TNFAIP1
SLC6A8	SLC6A8
RAP2B	RAP2B
NEDD1	NEDD1
ZFHX4	ZFHX4
FAF1	FAF1
SPOCD1	SPOCD1
LRBA	LRBA
COQ2	COQ2
TEFM	TEFM
MED4	MED4
ILF3	ILF3
WASF3	WASF3
IER5	IER5
PRKCI	PRKCI
TRAF3IP1	TRAF3IP1
EPB41L2	EPB41L2
SNHG25	SNHG25
STXBP2	STXBP2
LAPTM4B	LAPTM4B
VIM	VIM
RRP15	RRP15
PSMD12	PSMD12
CCDC18	CCDC18
UBL7	UBL7
MARK2	MARK2
COL13A1	COL13A1
CPE	CPE
DDRGK1	DDRGK1
ALDH2	ALDH2
EHD2	EHD2
CCHCR1	CCHCR1
ATP6V0A1	ATP6V0A1
KCNC4	KCNC4
CD44	CD44
PNO1	PNO1
MAP3K14	MAP3K14
CFLAR	CFLAR
TRIM7	TRIM7
SIPA1	SIPA1
TRABD	TRABD
SCAPER	SCAPER
SLC25A23	SLC25A23
ZDHHC24	ZDHHC24
MAPKAPK3	MAPKAPK3
EIF2AK3	EIF2AK3
TPP2	TPP2
SUV39H2	SUV39H2
SMURF2	SMURF2
LSR	LSR
SORBS2	SORBS2
RUNX1	RUNX1
THOP1	THOP1
INAVA	INAVA
NOL7	NOL7
AKT3	AKT3
MTFR2	MTFR2
STXBP4	STXBP4
CFAP298	CFAP298
NUP58	NUP58
SULF2	SULF2
NOVA1	NOVA1
FOXD1	FOXD1
SIPA1L1	SIPA1L1
ZNF714	ZNF714
PTHLH	PTHLH
ACIN1	ACIN1
KMT5B	KMT5B
AIF1L	AIF1L
LGR4	LGR4
EXOSC10	EXOSC10
DYNC2H1	DYNC2H1
HEG1	HEG1
TMEM37	TMEM37
SMIM6	SMIM6
SRFBP1	SRFBP1
NOTCH3	NOTCH3
PIK3CD	PIK3CD
RALA	RALA
EMD	EMD
PRTG	PRTG
ADAMTS12	ADAMTS12
TMEM192	TMEM192
DHX37	DHX37
FAM8A1	FAM8A1
SMOX	SMOX
SLC25A5	SLC25A5
FADS2	FADS2
EIF5B	EIF5B
TCN2	TCN2
LTBP3	LTBP3
NRIP3	NRIP3
TMEM14C	TMEM14C
PSMG3	PSMG3
SMAD2	SMAD2
G6PC3	G6PC3
DENND2D	DENND2D
CCDC167	CCDC167
DACT1	DACT1
CDKN2A	CDKN2A
ATP5F1C	ATP5F1C
POP7	POP7
DNMT3B	DNMT3B
DNAJC7	DNAJC7
NRAV	NRAV
ALDH1B1	ALDH1B1
CMC2	CMC2
GALNT6	GALNT6
SAFB	SAFB
CASP3	CASP3
NUCKS1	NUCKS1
USP33	USP33
ERC1	ERC1
FAM199X	FAM199X
KIF2A	KIF2A
ITCH	ITCH
PLPP3	PLPP3
TRMT10C	TRMT10C
DMTN	DMTN
TSPAN13	TSPAN13
IMMT	IMMT
GMDS	GMDS
AHCTF1	AHCTF1
ATAD3B	ATAD3B
LPAR2	LPAR2
PECR	PECR
SEL1L	SEL1L
MORN2	MORN2
SLC35F5	SLC35F5
PMVK	PMVK
IFT74	IFT74
VASP	VASP
RBM28	RBM28
CEBPZ	CEBPZ
ARHGAP8	ARHGAP8
SRXN1	SRXN1
SIRPA	SIRPA
RITA1	RITA1
DNAJC19	DNAJC19
AAK1	AAK1
HMGCR	HMGCR
GNB4	GNB4
GATAD1	GATAD1
ADK	ADK
NDUFS8	NDUFS8
THOC6	THOC6
NFE2L1	NFE2L1
UHMK1	UHMK1
HOXD9	HOXD9
SMAP1	SMAP1
YBX1	YBX1
TIMM29	TIMM29
TRUB1	TRUB1
MTIF2	MTIF2
SERBP1	SERBP1
SRSF9	SRSF9
EPHA2	EPHA2
PRSS16	PRSS16
POLR2F	POLR2F
NUP93	NUP93
SEMA4D	SEMA4D
RXYLT1	RXYLT1
PLA2G12A	PLA2G12A
AJUBA	AJUBA
HIC1	HIC1
IWS1	IWS1
CDKN1B	CDKN1B
HERC2	HERC2
NHLRC2	NHLRC2
FRYL	FRYL
ATP2B1	ATP2B1
UBE2N	UBE2N
WIPI1	WIPI1
DHX15	DHX15
MBIP	MBIP
HIPK1	HIPK1
RNF6	RNF6
ANAPC16	ANAPC16
PREPL	PREPL
GOSR2	GOSR2
SMIM1	SMIM1
ARHGDIB	ARHGDIB
VARS2	VARS2
EFR3A	EFR3A
KLHL24	KLHL24
RNF34	RNF34
SURF1	SURF1
AXL	AXL
ARHGAP18	ARHGAP18
HELZ	HELZ
ARFGEF1	ARFGEF1
COCH	COCH
NDUFAF4	NDUFAF4
RPS6KB1	RPS6KB1
MTF2	MTF2
TTC39C	TTC39C
ARSG	ARSG
EIF5	EIF5
AP1S3	AP1S3
MPHOSPH8	MPHOSPH8
SMPD4	SMPD4
CELSR2	CELSR2
NOP2	NOP2
LRIF1	LRIF1
UCK2	UCK2
ZC3H18	ZC3H18
BECN1	BECN1
MAPK12	MAPK12
STEAP2	STEAP2
CREB3L1	CREB3L1
RAPGEF2	RAPGEF2
SESN2	SESN2
ATP5MC3	ATP5MC3
ARMCX2	ARMCX2
NUP210	NUP210
CCT2	CCT2
BAG2	BAG2
PHYH	PHYH
ORC4	ORC4
IL1R2	IL1R2
PCCB	PCCB
C1GALT1	C1GALT1
ARL6IP5	ARL6IP5
NLRP2	NLRP2
FBXO45	FBXO45
FAM110B	FAM110B
HNRNPC	HNRNPC
CHAF1B	CHAF1B
RSRC1	RSRC1
JAM3	JAM3
TMEM154	TMEM154
EIF1AD	EIF1AD
HNRNPUL1	HNRNPUL1
CXCL16	CXCL16
ACBD5	ACBD5
ACLY	ACLY
CHD4	CHD4
FOXL2	FOXL2
TPM4	TPM4
PACSIN2	PACSIN2
BET1	BET1
ARHGAP27	ARHGAP27
RRAGC	RRAGC
SH2D4A	SH2D4A
ARHGAP5	ARHGAP5
PRPF4	PRPF4
ALDH7A1	ALDH7A1
DNAJB4	DNAJB4
SYAP1	SYAP1
LYSMD4	LYSMD4
ARFGEF3	ARFGEF3
TSPYL2	TSPYL2
ZNRF3	ZNRF3
FUS	FUS
HSD17B12	HSD17B12
MAML2	MAML2
PPP4R3A	PPP4R3A
DCAF13	DCAF13
ALDH3B1	ALDH3B1
ADAMTS2	ADAMTS2
ALDH9A1	ALDH9A1
SOWAHC	SOWAHC
SCLT1	SCLT1
ARGLU1	ARGLU1
MMD	MMD
MYO9A	MYO9A
SAMD9	SAMD9
PUDP	PUDP
MAFK	MAFK
PROSER2	PROSER2
KCTD9	KCTD9
CENPJ	CENPJ
SMARCD1	SMARCD1
SLC44A3	SLC44A3
TMEM238	TMEM238
PARP2	PARP2
PLGRKT	PLGRKT
ARPC5L	ARPC5L
P3H3	P3H3
CXCR2	CXCR2
CEP63	CEP63
TRIM16L	TRIM16L
DDX51	DDX51
EMC10	EMC10
PLTP	PLTP
OBI1	OBI1
BMERB1	BMERB1
FAM110C	FAM110C
CEP135	CEP135
TIMM17B	TIMM17B
RRP12	RRP12
IFIH1	IFIH1
JAG2	JAG2
CS	CS
SMAD6	SMAD6
RELL1	RELL1
RALY	RALY
ZIC2	ZIC2
NHS	NHS
LTV1	LTV1
STK17B	STK17B
MIR222HG	MIR222HG
SERTAD2	SERTAD2
NEXN	NEXN
SMIM20	SMIM20
COQ5	COQ5
UBE2L6	UBE2L6
TNFAIP8	TNFAIP8
PTCD3	PTCD3
LRIG1	LRIG1
GRAMD2B	GRAMD2B
NOL12	NOL12
ABTB2	ABTB2
NSMCE1	NSMCE1
WDHD1	WDHD1
HIP1R	HIP1R
SLC2A3	SLC2A3
TRPV2	TRPV2
STK26	STK26
TNNI3	TNNI3
ERMP1	ERMP1
CSKMT	CSKMT
PPAN	PPAN
BTBD1	BTBD1
DICER1	DICER1
CDK4	CDK4
FUNDC1	FUNDC1
PARP4	PARP4
UNC93B1	UNC93B1
DUS4L	DUS4L
LUC7L3	LUC7L3
HADH	HADH
FGFR4	FGFR4
SEPTIN8	SEPTIN8
PBX3	PBX3
FIGNL1	FIGNL1
RAB8A	RAB8A
ELL2	ELL2
GPI	GPI
CSNK1G1	CSNK1G1
PTER	PTER
TSPAN15	TSPAN15
SLC27A5	SLC27A5
ARHGAP4	ARHGAP4
PSMB3	PSMB3
ARSD	ARSD
ZFAND6	ZFAND6
DUS1L	DUS1L
CDC42SE2	CDC42SE2
TMEM92	TMEM92
GALM	GALM
RALGAPA2	RALGAPA2
AGPS	AGPS
FUBP1	FUBP1
LRRC58	LRRC58
RHPN2	RHPN2
ACADS	ACADS
DDX42	DDX42
SLC4A7	SLC4A7
MLLT6	MLLT6
ME2	ME2
MSC	MSC
QSER1	QSER1
HOXB6	HOXB6
MAP3K2-DT	MAP3K2-DT
PUSL1	PUSL1
SNUPN	SNUPN
CMC1	CMC1
MAP3K11	MAP3K11
POLR1D	POLR1D
RASIP1	RASIP1
LIPG	LIPG
SH3BP2	SH3BP2
FAM83H	FAM83H
MED13L	MED13L
DPP8	DPP8
CMTM3	CMTM3
INSYN2B	INSYN2B
SASS6	SASS6
INTS8	INTS8
HOXB4	HOXB4
REL	REL
XPC	XPC
RNF115	RNF115
ATP2B4	ATP2B4
TGFBR3L	TGFBR3L
PAAF1	PAAF1
AFAP1	AFAP1
ZNF830	ZNF830
CYBRD1	CYBRD1
HYI	HYI
SBF1	SBF1
FLNB	FLNB
TAF9	TAF9
LRP8	LRP8
SLC25A10	SLC25A10
BAIAP2	BAIAP2
AR	AR
FAM161A	FAM161A
TRIM2	TRIM2
DMXL2	DMXL2
MEST	MEST
ZNF385A	ZNF385A
NT5C3A	NT5C3A
BACE1	BACE1
TMEM98	TMEM98
CNIH3	CNIH3
PGM2L1	PGM2L1
HIVEP1	HIVEP1
SNRPE	SNRPE
SSC5D	SSC5D
BID	BID
TMED2	TMED2
PRICKLE1	PRICKLE1
ADGRE5	ADGRE5
FH	FH
PCGF5	PCGF5
TEDC2	TEDC2
SVIP	SVIP
KANSL1L	KANSL1L
PYCR2	PYCR2
MST1R	MST1R
EBAG9	EBAG9
NOL10	NOL10
DDX27	DDX27
PKN2	PKN2
NAA20	NAA20
NPEPL1	NPEPL1
EIF2S1	EIF2S1
LAMTOR5	LAMTOR5
PTGES2	PTGES2
GPRC5B	GPRC5B
CBLB	CBLB
NR2F6	NR2F6
CD109	CD109
SUCLG1	SUCLG1
AFAP1L1	AFAP1L1
PCBP2	PCBP2
CASP8AP2	CASP8AP2
PIAS1	PIAS1
MAP4K2	MAP4K2
PDLIM3	PDLIM3
TMEM42	TMEM42
INTS13	INTS13
SPEN	SPEN
TPK1	TPK1
CCDC112	CCDC112
LRRFIP2	LRRFIP2
PALLD	PALLD
ZNRF2	ZNRF2
PYGO1	PYGO1
CCDC86	CCDC86
BAIAP2L2	BAIAP2L2
RBM17	RBM17
POC1A	POC1A
TRIO	TRIO
SLC35B1	SLC35B1
CRIM1	CRIM1
VAV2	VAV2
TRIP6	TRIP6
CLGN	CLGN
RBMS2	RBMS2
GLS	GLS
ADAM15	ADAM15
PIK3C2A	PIK3C2A
TSFM	TSFM
RRP1	RRP1
RAD51	RAD51
ITPK1	ITPK1
CEP83	CEP83
KIF13B	KIF13B
FIGN	FIGN
TRIM28	TRIM28
DPM2	DPM2
NT5DC1	NT5DC1
TMEM45A	TMEM45A
DALRD3	DALRD3
PRAF2	PRAF2
DDX10	DDX10
HNRNPUL2	HNRNPUL2
MICAL3	MICAL3
NUDT9	NUDT9
LIFR	LIFR
CNOT9	CNOT9
PCDH18	PCDH18
GNPNAT1	GNPNAT1
NAP1L4	NAP1L4
BICD1	BICD1
PICK1	PICK1
CAMK1	CAMK1
UBASH3B	UBASH3B
RAB1B	RAB1B
NSUN5	NSUN5
ST3GAL4	ST3GAL4
PUM3	PUM3
OXCT1	OXCT1
GSTP1	GSTP1
WDR77	WDR77
SH3PXD2B	SH3PXD2B
EIF2B1	EIF2B1
STIM1	STIM1
POGK	POGK
EYA3	EYA3
SNHG9	SNHG9
FASN	FASN
PTRH1	PTRH1
MFSD4B	MFSD4B
TUBB6	TUBB6
VCL	VCL
REEP4	REEP4
ERLIN2	ERLIN2
MMAB	MMAB
CDC26	CDC26
METRNL	METRNL
LATS2	LATS2
DLD	DLD
GEN1	GEN1
NLN	NLN
SLC29A1	SLC29A1
ESF1	ESF1
NLE1	NLE1
SLC43A3	SLC43A3
NDUFV1	NDUFV1
CDK5RAP1	CDK5RAP1
CISD1	CISD1
KDM1B	KDM1B
DNM2	DNM2
SSH3	SSH3
LIG3	LIG3
SRBD1	SRBD1
SLC15A4	SLC15A4
LMF2	LMF2
HCFC2	HCFC2
MRM1	MRM1
BRCC3	BRCC3
HTATSF1	HTATSF1
GXYLT1	GXYLT1
AAGAB	AAGAB
FBXO17	FBXO17
PAM16	PAM16
RANBP17	RANBP17
PUS7	PUS7
ETS1	ETS1
TMBIM1	TMBIM1
SNHG30	SNHG30
TNPO3	TNPO3
IPO7	IPO7
FTX	FTX
SNX24	SNX24
SFT2D2	SFT2D2
KPNA3	KPNA3
MAGEH1	MAGEH1
PPIL1	PPIL1
SAMHD1	SAMHD1
LCOR	LCOR
GNS	GNS
GCA	GCA
ETV5	ETV5
CDK2	CDK2
SYNRG	SYNRG
EEF1AKMT4	EEF1AKMT4
PRR5	PRR5
BAG5	BAG5
DARS2	DARS2
GEMIN5	GEMIN5
LARP4	LARP4
ST3GAL1	ST3GAL1
IRS1	IRS1
PXN	PXN
RBFA	RBFA
VEPH1	VEPH1
CYFIP2	CYFIP2
RPA2	RPA2
QSOX1	QSOX1
MYLIP	MYLIP
ADNP2	ADNP2
NIT2	NIT2
NSFL1C	NSFL1C
SYT14	SYT14
CENPL	CENPL
SPR	SPR
MTCL1	MTCL1
CSGALNACT2	CSGALNACT2
FCHO2	FCHO2
BCS1L	BCS1L
TRMT6	TRMT6
FCHO1	FCHO1
STAMBP	STAMBP
PMF1	PMF1
MTR	MTR
KAT6A	KAT6A
TOE1	TOE1
TRIB2	TRIB2
NUFIP2	NUFIP2
CASK	CASK
SH3GLB2	SH3GLB2
TXN2	TXN2
CD68	CD68
PSMB8	PSMB8
RAB40B	RAB40B
TRMT1	TRMT1
ZDHHC7	ZDHHC7
NEAT1	NEAT1
SCO2	SCO2
ZC3H8	ZC3H8
WDR45B	WDR45B
EIF3J	EIF3J
TKFC	TKFC
CRCP	CRCP
FERMT1	FERMT1
ARL6IP6	ARL6IP6
FEZ1	FEZ1
KLF12	KLF12
HK2	HK2
SEC11A	SEC11A
URB2	URB2
ELK3	ELK3
TPI1	TPI1
SMUG1	SMUG1
SLC16A1	SLC16A1
TUBD1	TUBD1
MLLT3	MLLT3
VPS13A	VPS13A
CENPQ	CENPQ
ABHD14A	ABHD14A
CBX6	CBX6
CASP6	CASP6
ABCA7	ABCA7
SLF1	SLF1
ZCCHC8	ZCCHC8
EIF3B	EIF3B
DTX2	DTX2
TMEM19	TMEM19
RTN2	RTN2
OSBPL1A	OSBPL1A
RIC8B	RIC8B
EPB41L1	EPB41L1
THUMPD3	THUMPD3
PPP2R2C	PPP2R2C
GPR137	GPR137
ZNF880	ZNF880
ZFYVE21	ZFYVE21
HAUS8	HAUS8
LRP11	LRP11
HSD17B10	HSD17B10
RPS6KA1	RPS6KA1
ARSJ	ARSJ
RMND5A	RMND5A
HIVEP2	HIVEP2
CERS6	CERS6
BRD1	BRD1
TBC1D5	TBC1D5
MACROD1	MACROD1
CCT6A	CCT6A
COQ3	COQ3
PLEKHJ1	PLEKHJ1
HAGLROS	HAGLROS
PXK	PXK
SSPN	SSPN
GSE1	GSE1
KRR1	KRR1
OBSCN	OBSCN
MTLN	MTLN
EEF1B2	EEF1B2
NAPRT	NAPRT
CAMKK2	CAMKK2
HSPE1	HSPE1
UTP4	UTP4
PHACTR2	PHACTR2
GTF2E1	GTF2E1
KLHL8	KLHL8
FZD3	FZD3
DIXDC1	DIXDC1
TYW3	TYW3
MIR193BHG	MIR193BHG
FHOD3	FHOD3
MYRF	MYRF
OPTN	OPTN
DHX9	DHX9
NR2C1	NR2C1
DNAJC10	DNAJC10
EPSTI1	EPSTI1
BBS4	BBS4
HAVCR1	HAVCR1
SLC25A24	SLC25A24
TMX1	TMX1
PPHLN1	PPHLN1
GRK6	GRK6
EIF2AK2	EIF2AK2
WDR12	WDR12
KIAA0040	KIAA0040
DPYSL2	DPYSL2
APOL2	APOL2
FAM89A	FAM89A
EEA1	EEA1
BCCIP	BCCIP
GKAP1	GKAP1
KHDC4	KHDC4
PSPH	PSPH
HECTD1	HECTD1
STK17A	STK17A
PDE7B	PDE7B
FLNC	FLNC
NANS	NANS
NFX1	NFX1
EIF2AK1	EIF2AK1
COX6A1	COX6A1
TTBK2	TTBK2
CHDH	CHDH
DHRS11	DHRS11
PPCDC	PPCDC
MIR99AHG	MIR99AHG
LNPEP	LNPEP
ERAP2	ERAP2
SLC41A2	SLC41A2
SKIL	SKIL
EXOC2	EXOC2
SPRY2	SPRY2
COL27A1	COL27A1
FAM210B	FAM210B
PRPS1	PRPS1
TBRG4	TBRG4
HDAC9	HDAC9
RNF8	RNF8
AIFM1	AIFM1
GNAQ	GNAQ
DTX3L	DTX3L
PLEKHB2	PLEKHB2
ATXN2	ATXN2
CHAC2	CHAC2
GBP1	GBP1
CHST3	CHST3
MIEF1	MIEF1
SNHG32	SNHG32
MAGED1	MAGED1
COASY	COASY
BACE2	BACE2
TNFRSF10D	TNFRSF10D
MTMR10	MTMR10
EFNB1	EFNB1
GSTK1	GSTK1
EDNRA	EDNRA
TP53INP1	TP53INP1
SYNJ2	SYNJ2
NFKBIE	NFKBIE
ZBED3	ZBED3
SFMBT1	SFMBT1
TFPI	TFPI
P2RX4	P2RX4
CPEB4	CPEB4
ZNF33B	ZNF33B
CHTOP	CHTOP
ARHGEF10	ARHGEF10
ARAP3	ARAP3
INSR	INSR
DBT	DBT
ETF1	ETF1
SAV1	SAV1
DNAAF5	DNAAF5
RAD9A	RAD9A
KDM2A	KDM2A
BAZ1B	BAZ1B
MRS2	MRS2
NOM1	NOM1
TALDO1	TALDO1
NAT10	NAT10
NUFIP1	NUFIP1
RMND5B	RMND5B
IRF2BP2	IRF2BP2
SMPDL3B	SMPDL3B
TXNDC9	TXNDC9
UBE2Q1	UBE2Q1
EDC3	EDC3
GLIPR2	GLIPR2
AP1G2	AP1G2
POLK	POLK
NR2C2AP	NR2C2AP
SORT1	SORT1
CYP51A1	CYP51A1
VASN	VASN
ZNF267	ZNF267
DNM3OS	DNM3OS
HACD1	HACD1
ZNF395	ZNF395
TMEM51	TMEM51
PKIA	PKIA
NPTXR	NPTXR
RWDD2A	RWDD2A
WBP2	WBP2
RBM6	RBM6
MAP4K3	MAP4K3
CHST15	CHST15
IFNGR1	IFNGR1
AP3D1	AP3D1
LMO4	LMO4
RETSAT	RETSAT
METTL2B	METTL2B
MOB1B	MOB1B
SGMS2	SGMS2
ATL3	ATL3
CHAMP1	CHAMP1
CMTM4	CMTM4
ARMC9	ARMC9
SLC4A4	SLC4A4
PTK7	PTK7
HMGN5	HMGN5
SLFN12	SLFN12
MTERF2	MTERF2
MGMT	MGMT
CEP70	CEP70
RREB1	RREB1
USP24	USP24
HAUS4	HAUS4
GCC2	GCC2
MAD2L2	MAD2L2
RTN3	RTN3
NHLRC3	NHLRC3
FADS1	FADS1
E2F3	E2F3
LRRCC1	LRRCC1
MAPRE1	MAPRE1
RHOQ	RHOQ
WDR26	WDR26
MEIS1	MEIS1
TOMM6	TOMM6
PLA2G4A	PLA2G4A
BZW2	BZW2
RNF187	RNF187
FAF2	FAF2
ICA1	ICA1
ENDOD1	ENDOD1
PITHD1	PITHD1
EVA1A	EVA1A
COL16A1	COL16A1
FJX1	FJX1
LURAP1L	LURAP1L
PLPBP	PLPBP
ELOVL1	ELOVL1
UBA6	UBA6
CMIP	CMIP
PIGU	PIGU
TSPO	TSPO
AGL	AGL
YARS2	YARS2
SMARCC2	SMARCC2
SLC39A1	SLC39A1
PTPMT1	PTPMT1
HACD2	HACD2
PPP6R1	PPP6R1
PLSCR4	PLSCR4
RPP40	RPP40
PRPF40A	PRPF40A
STRADA	STRADA
EZH1	EZH1
HSP90AA1	HSP90AA1
SCCPDH	SCCPDH
TDRD3	TDRD3
PTPN2	PTPN2
XRCC4	XRCC4
SYT11	SYT11
PGAP2	PGAP2
METTL7B	METTL7B
SACS	SACS
SLC41A1	SLC41A1
GRTP1	GRTP1
SRSF10	SRSF10
HSPA14	HSPA14
PKN3	PKN3
RPS6KA4	RPS6KA4
RUSC1	RUSC1
MCUB	MCUB
MFAP1	MFAP1
CYB561A3	CYB561A3
RXRA	RXRA
PES1	PES1
CDV3	CDV3
DCK	DCK
NT5DC3	NT5DC3
WDR5	WDR5
NAA35	NAA35
FKBP7	FKBP7
SOCS5	SOCS5
TBC1D16	TBC1D16
KIF9	KIF9
EFCAB14	EFCAB14
STX18	STX18
VPS26A	VPS26A
RAD51D	RAD51D
GPRIN1	GPRIN1
MSH3	MSH3
TMEM223	TMEM223
EIF4G1	EIF4G1
STK19	STK19
RIOX2	RIOX2
ERCC5	ERCC5
DBNDD1	DBNDD1
FN3KRP	FN3KRP
VAT1L	VAT1L
QTRT2	QTRT2
TCF20	TCF20
GAA	GAA
ZMYM1	ZMYM1
AIMP2	AIMP2
PTPRJ	PTPRJ
CCDC51	CCDC51
ABHD3	ABHD3
MIR210HG	MIR210HG
TICAM1	TICAM1
MT2A	MT2A
POLD1	POLD1
PPRC1	PPRC1
CNTLN	CNTLN
HRH1	HRH1
CCP110	CCP110
ARRDC1	ARRDC1
APH1B	APH1B
LGALS3BP	LGALS3BP
HLTF	HLTF
CLASP2	CLASP2
TTC23	TTC23
ABHD15	ABHD15
RSAD1	RSAD1
CCNT1	CCNT1
ARSA	ARSA
NFS1	NFS1
LAS1L	LAS1L
PFKP	PFKP
PARP9	PARP9
SUN2	SUN2
FRK	FRK
PPP3CA	PPP3CA
BCL2L11	BCL2L11
TMEM170A	TMEM170A
GIPC1	GIPC1
LRRC45	LRRC45
SPATA5	SPATA5
MED14	MED14
ATP10D	ATP10D
STRN	STRN
KIF3A	KIF3A
STK38L	STK38L
MGAT4A	MGAT4A
SAMM50	SAMM50
STOML1	STOML1
NPRL3	NPRL3
KIAA1522	KIAA1522
TIMP1	TIMP1
RPS6KB2	RPS6KB2
ACSS2	ACSS2
PLEKHA2	PLEKHA2
GBP3	GBP3
FARS2	FARS2
JADE2	JADE2
PEBP1	PEBP1
HPS5	HPS5
TMEM179B	TMEM179B
GMPR	GMPR
TNFRSF10A	TNFRSF10A
ILF3-DT	ILF3-DT
DYNC2LI1	DYNC2LI1
TRIM26	TRIM26
PSPC1	PSPC1
RBM12	RBM12
ARID3A	ARID3A
CDC16	CDC16
BRAP	BRAP
MIF4GD	MIF4GD
LAMB1	LAMB1
BPGM	BPGM
RWDD4	RWDD4
SRD5A3	SRD5A3
CLK4	CLK4
ANKRD37	ANKRD37
VPS33B	VPS33B
AZIN1	AZIN1
FAS	FAS
FBXO38	FBXO38
NBPF14	NBPF14
MAN1A1	MAN1A1
EPOP	EPOP
PROSER1	PROSER1
BCAS4	BCAS4
DDX39B	DDX39B
PARN	PARN
DIS3L	DIS3L
ITGBL1	ITGBL1
MEIS2	MEIS2
NUP205	NUP205
SRD5A1	SRD5A1
CNOT10	CNOT10
PRKAR2A	PRKAR2A
SLC37A4	SLC37A4
NPDC1	NPDC1
C1R	C1R
POLR3B	POLR3B
TRAPPC9	TRAPPC9
SV2A	SV2A
KIRREL1	KIRREL1
USP36	USP36
LHFPL2	LHFPL2
FOXN3	FOXN3
HK1	HK1
GTF2IRD1	GTF2IRD1
AACS	AACS
WWC3	WWC3
FYN	FYN
HEATR6	HEATR6
HDHD3	HDHD3
MBNL2	MBNL2
FAM227A	FAM227A
ST6GALNAC4	ST6GALNAC4
MKNK2	MKNK2
ZNF292	ZNF292
AMMECR1	AMMECR1
CHD8	CHD8
SPRY4	SPRY4
CPEB1	CPEB1
TMEM184A	TMEM184A
USP37	USP37
NUP98	NUP98
ATF7IP2	ATF7IP2
PTPN13	PTPN13
NUP85	NUP85
TUT7	TUT7
SPAG16	SPAG16
ASCC1	ASCC1
ISCA1	ISCA1
PDIA4	PDIA4
SHMT2	SHMT2
TRA2B	TRA2B
SLC11A2	SLC11A2
HEATR1	HEATR1
PRIM2	PRIM2
PCF11	PCF11
LPAR1	LPAR1
FUCA2	FUCA2
DIPK2A	DIPK2A
GK5	GK5
KCTD14	KCTD14
KIAA0232	KIAA0232
EP300	EP300
SCAF1	SCAF1
SYNJ2BP	SYNJ2BP
FNDC4	FNDC4
MORC4	MORC4
GBE1	GBE1
SLC27A4	SLC27A4
RNF135	RNF135
KIF12	KIF12
RPF2	RPF2
SF3B3	SF3B3
SLC2A6	SLC2A6
ATP13A3	ATP13A3
AK6	AK6
RGS3	RGS3
PTGR2	PTGR2
SLC29A2	SLC29A2
RAPH1	RAPH1
ZMYND19	ZMYND19
FRMD8	FRMD8
KIAA0930	KIAA0930
TEX2	TEX2
SETD9	SETD9
DENND5B	DENND5B
MRTFB	MRTFB
PER3	PER3
USP13	USP13
COX14	COX14
HOOK2	HOOK2
APOL6	APOL6
TAB3	TAB3
ABCC5	ABCC5
PHF3	PHF3
CHTF18	CHTF18
SNRNP40	SNRNP40
EIF4ENIF1	EIF4ENIF1
PDK1	PDK1
GRAMD1A	GRAMD1A
WNT5B	WNT5B
SOX4	SOX4
ENOPH1	ENOPH1
NIP7	NIP7
ARMCX1	ARMCX1
GLO1	GLO1
GGA2	GGA2
FOXRED2	FOXRED2
SNRPG	SNRPG
PRXL2C	PRXL2C
ARHGAP10	ARHGAP10
SNRNP200	SNRNP200
AKIRIN1	AKIRIN1
USP48	USP48
BNIP1	BNIP1
NIPA1	NIPA1
ZNF706	ZNF706
PINX1	PINX1
GATC	GATC
LCLAT1	LCLAT1
PDCD4	PDCD4
ABHD12	ABHD12
ADCK2	ADCK2
DOCK6	DOCK6
SNTB2	SNTB2
POLR1A	POLR1A
UNKL	UNKL
BPHL	BPHL
ARMT1	ARMT1
TJP1	TJP1
UGT1A6	UGT1A6
SEC24B	SEC24B
TMEM120A	TMEM120A
DHODH	DHODH
CEMIP2	CEMIP2
CCDC122	CCDC122
CTR9	CTR9
ORC5	ORC5
NEK3	NEK3
CCDC6	CCDC6
PHRF1	PHRF1
GSTT2B	GSTT2B
IMMP2L	IMMP2L
RNF10	RNF10
EPS8L1	EPS8L1
SCLY	SCLY
KLF7	KLF7
GNL2	GNL2
IVD	IVD
SERINC5	SERINC5
ZNF544	ZNF544
EHBP1L1	EHBP1L1
CELSR1	CELSR1
CCNC	CCNC
POLR1B	POLR1B
SLK	SLK
MED24	MED24
LTA4H	LTA4H
SLC8B1	SLC8B1
RNF126	RNF126
EID2	EID2
NME6	NME6
EEF2K	EEF2K
SNX1	SNX1
PLK3	PLK3
FAHD1	FAHD1
LONP1	LONP1
PIGW	PIGW
GINS4	GINS4
ERI1	ERI1
ENTPD7	ENTPD7
PGPEP1	PGPEP1
RBM12B	RBM12B
TASOR2	TASOR2
FKBP11	FKBP11
SPRYD4	SPRYD4
HMGCL	HMGCL
NUP35	NUP35
TFPI2	TFPI2
CALCOCO2	CALCOCO2
PRIMPOL	PRIMPOL
DCAF16	DCAF16
NOB1	NOB1
AASS	AASS
RNF138	RNF138
MPPE1	MPPE1
SMCO4	SMCO4
TBC1D7	TBC1D7
LPIN2	LPIN2
ZNF121	ZNF121
TSHZ3	TSHZ3
CNRIP1	CNRIP1
WDFY1	WDFY1
RNF26	RNF26
ORC3	ORC3
POMGNT2	POMGNT2
EPM2AIP1	EPM2AIP1
TRIP11	TRIP11
CNPY3	CNPY3
AP1B1	AP1B1
FAM98B	FAM98B
TUBGCP4	TUBGCP4
TSHZ1	TSHZ1
SGPL1	SGPL1
CNOT11	CNOT11
TTC27	TTC27
UBAP2	UBAP2
APAF1	APAF1
AP5B1	AP5B1
IKBIP	IKBIP
HCFC1	HCFC1
CEBPG	CEBPG
TWF1	TWF1
RBIS	RBIS
VANGL1	VANGL1
KLHL21	KLHL21
SF3A3	SF3A3
ATG5	ATG5
CLSTN1	CLSTN1
PYROXD1	PYROXD1
SMARCC1	SMARCC1
NFAT5	NFAT5
EXOSC2	EXOSC2
PTRH2	PTRH2
B4GALT5	B4GALT5
IMMP1L	IMMP1L
ATR	ATR
TEX264	TEX264
LIAS	LIAS
GLA	GLA
PLEKHM1	PLEKHM1
FLVCR1	FLVCR1
SAAL1	SAAL1
USP40	USP40
DEDD2	DEDD2
MIA2	MIA2
RMI1	RMI1
CCDC91	CCDC91
CUTC	CUTC
SCML1	SCML1
DFFA	DFFA
CHMP4B	CHMP4B
ERLIN1	ERLIN1
KLF4	KLF4
TLE1	TLE1
WDR4	WDR4
CYFIP1	CYFIP1
LRRC1	LRRC1
SARS2	SARS2
CENPC	CENPC
MANSC1	MANSC1
MINCR	MINCR
MFSD14B	MFSD14B
PRELID3B	PRELID3B
DMAC2L	DMAC2L
WDR3	WDR3
VDR	VDR
ITPR2	ITPR2
SLC25A16	SLC25A16
SHC3	SHC3
LTBR	LTBR
FBXW7	FBXW7
HMGXB4	HMGXB4
OGFOD3	OGFOD3
SPSB1	SPSB1
UROS	UROS
GSDMD	GSDMD
CCDC28B	CCDC28B
CFAP20	CFAP20
LRRC8B	LRRC8B
KIAA0586	KIAA0586
QDPR	QDPR
NIPA2	NIPA2
TELO2	TELO2
DNAJB9	DNAJB9
GNL3L	GNL3L
WWTR1	WWTR1
ZNF217	ZNF217
CDR2L	CDR2L
ARIH2	ARIH2
ARHGAP42	ARHGAP42
A1BG	A1BG
BAZ2A	BAZ2A
ZMIZ1	ZMIZ1
EFCAB11	EFCAB11
GFER	GFER
ZNF431	ZNF431
SPTLC2	SPTLC2
TMEM18	TMEM18
ATXN1	ATXN1
NEMP1	NEMP1
FXN	FXN
ESCO1	ESCO1
EIF1	EIF1
COQ7	COQ7
GTF2H2	GTF2H2
ZNF770	ZNF770
RCL1	RCL1
FAIM	FAIM
VPS37B	VPS37B
GAR1	GAR1
P4HA2	P4HA2
MIGA1	MIGA1
STARD3	STARD3
PPM1K	PPM1K
EXOSC7	EXOSC7
CCDC137	CCDC137
TIMM23	TIMM23
CYTH1	CYTH1
TBCD	TBCD
SFXN1	SFXN1
PAK4	PAK4
NARS2	NARS2
ATP23	ATP23
TMEM200A	TMEM200A
GUF1	GUF1
ZCCHC9	ZCCHC9
NME2	NME2
NPEPPS	NPEPPS
CUL4A	CUL4A
FARSA	FARSA
NOL8	NOL8
STX17	STX17
ACYP1	ACYP1
INTS10	INTS10
MTHFD1L	MTHFD1L
CEP85L	CEP85L
OMA1	OMA1
UIMC1	UIMC1
GHITM	GHITM
DNAJC22	DNAJC22
NBPF1	NBPF1
PIBF1	PIBF1
ZNF263	ZNF263
ZC3H7B	ZC3H7B
ZNF33A	ZNF33A
ARHGAP23	ARHGAP23
TUBGCP5	TUBGCP5
MAP3K8	MAP3K8
CWC25	CWC25
NDUFAF6	NDUFAF6
VWA8	VWA8
AQR	AQR
ROBO1	ROBO1
OSGEP	OSGEP
WASHC2C	WASHC2C
MAPK9	MAPK9
ZNHIT2	ZNHIT2
WRN	WRN
COA6	COA6
ZCCHC2	ZCCHC2
INO80C	INO80C
IPO8	IPO8
RBM19	RBM19
SLC50A1	SLC50A1
RALGAPA1	RALGAPA1
RHOT1	RHOT1
CD40	CD40
SECISBP2L	SECISBP2L
TMED8	TMED8
PTGFRN	PTGFRN
OGDH	OGDH
APIP	APIP
SH2B3	SH2B3
RASSF1	RASSF1
MXI1	MXI1
SP1	SP1
LETM1	LETM1
PAMR1	PAMR1
DRAM2	DRAM2
LHFPL6	LHFPL6
TMSB4X	TMSB4X
HINT2	HINT2
LIMK2	LIMK2
PCBD2	PCBD2
PTPRE	PTPRE
RAC2	RAC2
POFUT1	POFUT1
SAFB2	SAFB2
NXPE3	NXPE3
SPPL3	SPPL3
WDR91	WDR91
CCDC90B	CCDC90B
PPM1D	PPM1D
ZNF354A	ZNF354A
UNC119B	UNC119B
CCNG2	CCNG2
RNF24	RNF24
EXOSC3	EXOSC3
NFU1	NFU1
SLC1A5	SLC1A5
NADSYN1	NADSYN1
PSMD10	PSMD10
TMEM177	TMEM177
POPDC3	POPDC3
CEP295	CEP295
DRG1	DRG1
MTMR6	MTMR6
NEK4	NEK4
ZNF506	ZNF506
AGA	AGA
AHDC1	AHDC1
RANBP2	RANBP2
NFATC4	NFATC4
LYPLAL1	LYPLAL1
PPFIA1	PPFIA1
RFTN1	RFTN1
PDS5B	PDS5B
PDP1	PDP1
ANKRD9	ANKRD9
CCDC77	CCDC77
FBRSL1	FBRSL1
TIFA	TIFA
THUMPD2	THUMPD2
GEMIN6	GEMIN6
DDAH1	DDAH1
TCP11L2	TCP11L2
ORC2	ORC2
CENPO	CENPO
FZR1	FZR1
POLR1C	POLR1C
MTERF3	MTERF3
FAM50B	FAM50B
OTUD4	OTUD4
MTSS1	MTSS1
EXOSC5	EXOSC5
MAPKAPK5	MAPKAPK5
SOGA1	SOGA1
HSD17B8	HSD17B8
FAR1	FAR1
UBR7	UBR7
NRDE2	NRDE2
ZFAND1	ZFAND1
FZD8	FZD8
MXD1	MXD1
CMC4	CMC4
IQCB1	IQCB1
ZNF592	ZNF592
DUSP16	DUSP16
SERPINB8	SERPINB8
UNK	UNK
DHRS1	DHRS1
KLHDC4	KLHDC4
CDC42EP2	CDC42EP2
NFIL3	NFIL3
MXD4	MXD4
ALG6	ALG6
NAA30	NAA30
ACTR6	ACTR6
RASA3	RASA3
ENO2	ENO2
ATP6V0E2	ATP6V0E2
WRNIP1	WRNIP1
DPH2	DPH2
VKORC1L1	VKORC1L1
TNFRSF21	TNFRSF21
POLR1E	POLR1E
DCP2	DCP2
EML1	EML1
TLN2	TLN2
ACER3	ACER3
STARD4	STARD4
MICALL2	MICALL2
TRMT1L	TRMT1L
RPE	RPE
PIGX	PIGX
OXSM	OXSM
TMTC3	TMTC3
ARL13B	ARL13B
ZNHIT3	ZNHIT3
NKTR	NKTR
PRCP	PRCP
CBX4	CBX4
NAPEPLD	NAPEPLD
LHPP	LHPP
CROT	CROT
APPL2	APPL2
QRSL1	QRSL1
MICA	MICA
NUDT5	NUDT5
ZNF330	ZNF330
USP32	USP32
LTO1	LTO1
ANKRD26	ANKRD26
CEP104	CEP104
PATZ1	PATZ1
PITPNC1	PITPNC1
MEIS3	MEIS3
KCTD1	KCTD1
TCEAL3	TCEAL3
NAPG	NAPG
RTKN	RTKN
DZIP1	DZIP1
ANAPC1	ANAPC1
FAM216A	FAM216A
PDGFA	PDGFA
HYKK	HYKK
CNOT1	CNOT1
NUDCD1	NUDCD1
DOCK10	DOCK10
ZNF318	ZNF318
CDR2	CDR2
GEMIN8	GEMIN8
CSNK2A2	CSNK2A2
TGFBR2	TGFBR2
MCMBP	MCMBP
NMT2	NMT2
DHCR7	DHCR7
CYB5R2	CYB5R2
MUS81	MUS81
GMFB	GMFB
COQ9	COQ9
MGAT5	MGAT5
ATP9A	ATP9A
PRDX1	PRDX1
PDE7A	PDE7A
TIMM44	TIMM44
SENP2	SENP2
RUNDC1	RUNDC1
ZNF609	ZNF609
TRAPPC11	TRAPPC11
SCRN2	SCRN2
MSRB3	MSRB3
MRRF	MRRF
SALL1	SALL1
CPSF6	CPSF6
PEX7	PEX7
FRA10AC1	FRA10AC1
ENTPD6	ENTPD6
TADA2A	TADA2A
MEX3A	MEX3A
RPUSD1	RPUSD1
GTF2H2C	GTF2H2C
POGLUT3	POGLUT3
FCHSD2	FCHSD2
PRMT5	PRMT5
PSMB10	PSMB10
CPSF7	CPSF7
SERTAD1	SERTAD1
DENND4A	DENND4A
RBBP6	RBBP6
FAM200A	FAM200A
PACSIN3	PACSIN3
CLUH	CLUH
TUT4	TUT4
ZBTB1	ZBTB1
AASDH	AASDH
MTPAP	MTPAP
ATPAF1	ATPAF1
OXR1	OXR1
TTC28	TTC28
UBA2	UBA2
XPO1	XPO1
AFTPH	AFTPH
TMEM63A	TMEM63A
MID1IP1	MID1IP1
DUSP22	DUSP22
HMG20A	HMG20A
CBY1	CBY1
JOSD1	JOSD1
BRAF	BRAF
ASAP2	ASAP2
PRMT7	PRMT7
GAS2L1	GAS2L1
INIP	INIP
HBS1L	HBS1L
SH3D19	SH3D19
DAGLB	DAGLB
PIH1D1	PIH1D1
METTL4	METTL4
MOSPD1	MOSPD1
ABCB6	ABCB6
NFKB1	NFKB1
GPS1	GPS1
UMAD1	UMAD1
WDR90	WDR90
N4BP2	N4BP2
PDCD2L	PDCD2L
PLCB1	PLCB1
GTPBP3	GTPBP3
MTHFR	MTHFR
POLR2K	POLR2K
S100A6	S100A6
SYNC	SYNC
CD58	CD58
RNASEK	RNASEK
ZCCHC24	ZCCHC24
FAM210A	FAM210A
MBTD1	MBTD1
NFXL1	NFXL1
LSM14A	LSM14A
PLPP5	PLPP5
SLF2	SLF2
POLR2D	POLR2D
NELFA	NELFA
GCFC2	GCFC2
UPF1	UPF1
HHLA3	HHLA3
FBXL6	FBXL6
ZNF721	ZNF721
ANKS6	ANKS6
NRAS	NRAS
MPI	MPI
RNF170	RNF170
SURF6	SURF6
AHCYL1	AHCYL1
DSTN	DSTN
CNP	CNP
LAP3	LAP3
ZBTB43	ZBTB43
PTPRM	PTPRM
ARHGEF40	ARHGEF40
IQCK	IQCK
CCNI	CCNI
OAZ1	OAZ1
SHMT1	SHMT1
TOR3A	TOR3A
ARID5A	ARID5A
ZFP62	ZFP62
RNF20	RNF20
SMAGP	SMAGP
NDE1	NDE1
MIR22HG	MIR22HG
THEM4	THEM4
KDM6A	KDM6A
SGK3	SGK3
P4HA3	P4HA3
RAB13	RAB13
RAPGEF6	RAPGEF6
EIF4A1	EIF4A1
SEC61B	SEC61B
DCAF1	DCAF1
ADCY3	ADCY3
ERO1A	ERO1A
CCDC88B	CCDC88B
ANXA5	ANXA5
NIT1	NIT1
TRMT5	TRMT5
OSBPL3	OSBPL3
ZC3H12A	ZC3H12A
NIPSNAP2	NIPSNAP2
RPAP2	RPAP2
RGS20	RGS20
ZC3H15	ZC3H15
RCOR1	RCOR1
LIMD1	LIMD1
ZBTB44	ZBTB44
SMPD2	SMPD2
HILPDA	HILPDA
NAF1	NAF1
ACTR3C	ACTR3C
UBQLN4	UBQLN4
ZNF749	ZNF749
SKP1	SKP1
VWA1	VWA1
UTP15	UTP15
STIM2	STIM2
MIPEP	MIPEP
SLC22A23	SLC22A23
EEF2	EEF2
SERF2	SERF2
GOLIM4	GOLIM4
OST4	OST4
TAPBP	TAPBP
LRRC41	LRRC41
CCDC174	CCDC174
ZDBF2	ZDBF2
GABARAP	GABARAP
SETD2	SETD2
SMIM30	SMIM30
EIF4G2	EIF4G2
HLA-A	HLA-A
ARID2	ARID2
UBXN2B	UBXN2B
AP2S1	AP2S1
CYLD	CYLD
WDR83OS	WDR83OS
DPH6	DPH6
EBP	EBP
PIP4K2C	PIP4K2C
NBEA	NBEA
PAM	PAM
ELOB	ELOB
SYDE1	SYDE1
SEC61G	SEC61G
SUB1	SUB1
FAN1	FAN1
SSR4	SSR4
XPNPEP3	XPNPEP3
MAIP1	MAIP1
BRI3	BRI3
MRFAP1	MRFAP1
ATP5F1E	ATP5F1E
IPO11	IPO11
DNAJA1	DNAJA1
GNAS	GNAS
NPM1	NPM1
PSMB1	PSMB1
RLF	RLF
EID1	EID1
BRK1	BRK1
SLC25A19	SLC25A19
SUCO	SUCO
AP2M1	AP2M1
SSR2	SSR2
ARF1	ARF1
ZNHIT1	ZNHIT1
SAP30	SAP30
SNX4	SNX4
LRP5	LRP5
P4HB	P4HB
RPGR	RPGR
PRPF38A	PRPF38A
NIPSNAP1	NIPSNAP1
CAPZB	CAPZB
LIMD2	LIMD2
SH3BGRL3	SH3BGRL3
PAXIP1	PAXIP1
EDF1	EDF1
COX5B	COX5B
SELENOH	SELENOH
RCC1	RCC1
GEMIN2	GEMIN2
LAPTM4A	LAPTM4A
DDX5	DDX5
SPINDOC	SPINDOC
HLA-C	HLA-C
NR1D2	NR1D2
ATP5MG	ATP5MG
KATNA1	KATNA1
CPT1C	CPT1C
KBTBD2	KBTBD2
NDUFA11	NDUFA11
NDUFS5	NDUFS5
PSMB6	PSMB6
BEND6	BEND6
MYDGF	MYDGF
MYL12A	MYL12A
COX7A2L	COX7A2L
TMEM237	TMEM237
SRP14	SRP14
VAPA	VAPA
NDUFA13	NDUFA13
MTCH1	MTCH1
ATG10	ATG10
FAM217B	FAM217B
GSTO1	GSTO1
HSPA8	HSPA8
TSC22D2	TSC22D2
MRE11	MRE11
ZNF22	ZNF22
ITGB1	ITGB1
QSOX2	QSOX2
UQCRB	UQCRB
GUK1	GUK1
NEDD8	NEDD8
EPB41L5	EPB41L5
VSIG10	VSIG10
DRAP1	DRAP1
STEAP3	STEAP3
KDELR1	KDELR1
COX6B1	COX6B1
COG5	COG5
UBE2D3	UBE2D3
YWHAE	YWHAE
TMEM50A	TMEM50A
MIR31HG	MIR31HG
GPAM	GPAM
SNRPD2	SNRPD2
TACC2	TACC2
FIS1	FIS1
NDUFB11	NDUFB11
POMP	POMP
TMEM258	TMEM258
RNF7	RNF7
LAMTOR4	LAMTOR4
HSPA12A	HSPA12A
CD59	CD59
PPARD	PPARD
SSR3	SSR3
MCC	MCC
NDUFB4	NDUFB4
SFR1	SFR1
MTMR12	MTMR12
ZBTB40	ZBTB40
PSMB4	PSMB4
ATOX1	ATOX1
DUSP18	DUSP18
TRIR	TRIR
NPC2	NPC2
PRDX6	PRDX6
PET100	PET100
DNAH14	DNAH14
MLKL	MLKL
HDLBP	HDLBP
SRSF5	SRSF5
HDAC4	HDAC4
CUTA	CUTA
SEM1	SEM1
RNF4	RNF4
DAD1	DAD1
SRGAP2B	SRGAP2B
CST3	CST3
ATP6V0B	ATP6V0B
PSMD8	PSMD8
RAC1	RAC1
PFDN5	PFDN5
CALU	CALU
DBR1	DBR1
UBXN1	UBXN1
ARPC5	ARPC5
STAU2	STAU2
ATP6V1F	ATP6V1F
SARAF	SARAF
HSBP1	HSBP1
ZFC3H1	ZFC3H1
RAB38	RAB38
PDIA3	PDIA3
TSC22D3	TSC22D3
NOP10	NOP10
CDC42	CDC42
UBE2B	UBE2B
ARF4	ARF4
TBCA	TBCA
CD81	CD81
COPE	COPE
OSTC	OSTC
SERP1	SERP1
ADCY6	ADCY6
NUP54	NUP54
TMEM168	TMEM168
GPR176	GPR176
MAP2K2	MAP2K2
RTRAF	RTRAF
COX4I1	COX4I1
EIF3F	EIF3F
UXT	UXT
UBXN4	UBXN4
NFATC2IP	NFATC2IP
USP25	USP25
PPARA	PPARA
SF3B5	SF3B5
NAA38	NAA38
TLE5	TLE5
AGAP1	AGAP1
TRAPPC5	TRAPPC5
VPS28	VPS28
AMPD3	AMPD3
SEC62	SEC62
EIF3I	EIF3I
OTUD6B	OTUD6B
PSMB5	PSMB5
PSMD4	PSMD4
CLTA	CLTA
SEPTIN7	SEPTIN7
RNF181	RNF181
ANAPC11	ANAPC11
CRYL1	CRYL1
ATP6AP2	ATP6AP2
CIAO2B	CIAO2B
DNAJB6	DNAJB6
MGST3	MGST3
RAB27A	RAB27A
MORF4L2	MORF4L2
SNX3	SNX3
PYCR3	PYCR3
SYF2	SYF2
ACTB	ACTB
NFE2L2	NFE2L2
S100A13	S100A13
TOMM7	TOMM7
ARHGAP12	ARHGAP12
FKBP8	FKBP8
TCF25	TCF25
NSA2	NSA2
RAB7A	RAB7A
DYNC1I2	DYNC1I2
PRDX2	PRDX2
SSU72	SSU72
TMEM59	TMEM59
UQCR10	UQCR10
MCFD2	MCFD2
PTMS	PTMS
SON	SON
PDCD6	PDCD6
MGST1	MGST1
FMNL3	FMNL3
ATP6V1G1	ATP6V1G1
RGS17	RGS17
RAB34	RAB34
STYX	STYX
NDUFB7	NDUFB7
SCAND1	SCAND1
PFN1	PFN1
CAMTA1	CAMTA1
TXNDC17	TXNDC17
PSMA7	PSMA7
TRAPPC1	TRAPPC1
ATP5PD	ATP5PD
SLC35B4	SLC35B4
RAB2A	RAB2A
COX6C	COX6C
TMED9	TMED9
MTPN	MTPN
PHF8	PHF8
GNG5	GNG5
YWHAQ	YWHAQ
REEP5	REEP5
COPS9	COPS9
XPO4	XPO4
TOP1	TOP1
RBM8A	RBM8A
KTN1	KTN1
GALNT10	GALNT10
GNAI2	GNAI2
KDELR2	KDELR2
CSNK1A1	CSNK1A1
VCP	VCP
AKAP7	AKAP7
NDUFB8	NDUFB8
ATP1B3	ATP1B3
PSMD13	PSMD13
SAP130	SAP130
EXTL2	EXTL2
TRMU	TRMU
CAMK2D	CAMK2D
COX7A2	COX7A2
CES2	CES2
TMEM101	TMEM101
UFD1	UFD1
CHCHD4	CHCHD4
SLC25A6	SLC25A6
MPG	MPG
CLIC1	CLIC1
NDUFA4	NDUFA4
PGLS	PGLS
NDUFB6	NDUFB6
CTSA	CTSA
PSMC1	PSMC1
NPAT	NPAT
JUND	JUND
NFYC	NFYC
MICOS10	MICOS10
ADH5	ADH5
CSDE1	CSDE1
ST13	ST13
EEF1D	EEF1D
REX1BD	REX1BD
PGM2	PGM2
RNH1	RNH1
RMC1	RMC1
RCN1	RCN1
YIPF3	YIPF3
UQCR11	UQCR11
SEC31A	SEC31A
APP	APP
GABARAPL2	GABARAPL2
DOCK4	DOCK4
EMC7	EMC7
TMEM165	TMEM165
COX16	COX16
TMEM167A	TMEM167A
TAX1BP1	TAX1BP1
DYNLRB1	DYNLRB1
PSMB7	PSMB7
TIMM8B	TIMM8B
DDX24	DDX24
GNB2	GNB2
TMA7	TMA7
ENY2	ENY2
SURF4	SURF4
SNRPB2	SNRPB2
LAMP2	LAMP2
TXNDC11	TXNDC11
MYL6B	MYL6B
GLMN	GLMN
HNRNPK	HNRNPK
NDUFB1	NDUFB1
CAP1	CAP1
SELENOS	SELENOS
TCEAL4	TCEAL4
PTOV1	PTOV1
SGPP1	SGPP1
TMED10	TMED10
SOD1	SOD1
STMP1	STMP1
MTDH	MTDH
UQCRQ	UQCRQ
PPIB	PPIB
CTNNB1	CTNNB1
UBE2E3	UBE2E3
GADD45GIP1	GADD45GIP1
TRAF5	TRAF5
NOL9	NOL9
CCDC57	CCDC57
UBL5	UBL5
UFC1	UFC1
MTMR4	MTMR4
PAIP2	PAIP2
CSNK1E	CSNK1E
PLEKHF2	PLEKHF2
SNHG29	SNHG29
LIMS1	LIMS1
PSAP	PSAP
GNB1	GNB1
EIF3H	EIF3H
CHMP5	CHMP5
RHOA	RHOA
CEP192	CEP192
DDT	DDT
STAG1	STAG1
EIF1B	EIF1B
KMT2E	KMT2E
FANCL	FANCL
SNX6	SNX6
RBM15	RBM15
LAMP1	LAMP1
CSNK2B	CSNK2B
SDCBP	SDCBP
SEPTIN2	SEPTIN2
CWF19L1	CWF19L1
TMEM209	TMEM209
UBE2M	UBE2M
STUB1	STUB1
REXO2	REXO2
PAF1	PAF1
COQ6	COQ6
VKORC1	VKORC1
S1PR2	S1PR2
MICALL1	MICALL1
PSMA1	PSMA1
APEX1	APEX1
YWHAG	YWHAG
DBI	DBI
BCL10	BCL10
ATRX	ATRX
YWHAB	YWHAB
CKAP4	CKAP4
GNG11	GNG11
RIPK1	RIPK1
NBDY	NBDY
COPB2	COPB2
SAP18	SAP18
CSTF2T	CSTF2T
SERINC3	SERINC3
SDF4	SDF4
SRRM2	SRRM2
TMEM208	TMEM208
PSMC6	PSMC6
LMAN1	LMAN1
NDUFS4	NDUFS4
TMEM230	TMEM230
SELENOF	SELENOF
UTP14A	UTP14A
NBL1	NBL1
ATP6V1E1	ATP6V1E1
DYNC1H1	DYNC1H1
SUMO1	SUMO1
RAP1B	RAP1B
PIGB	PIGB
EMC6	EMC6
TXNL1	TXNL1
POMT2	POMT2
UBE3B	UBE3B
MZT2B	MZT2B
NDUFA2	NDUFA2
PRKAR1A	PRKAR1A
ZMAT2	ZMAT2
FLNA	FLNA
UBE2V1	UBE2V1
PRKCSH	PRKCSH
SELENOK	SELENOK
ZFP91	ZFP91
CTSD	CTSD
ATP6V0C	ATP6V0C
COPA	COPA
EIF3M	EIF3M
TMBIM6	TMBIM6
SNX9	SNX9
SMIM26	SMIM26
SNRNP70	SNRNP70
PSMD7	PSMD7
CALR	CALR
PSMD2	PSMD2
SRP19	SRP19
ARPC1A	ARPC1A
ORMDL1	ORMDL1
LAMTOR2	LAMTOR2
COPB1	COPB1
NDUFS2	NDUFS2
CHMP2A	CHMP2A
FAM177A1	FAM177A1
NOP53	NOP53
SLC38A2	SLC38A2
MMADHC	MMADHC
FCGRT	FCGRT
BUD31	BUD31
NDUFB10	NDUFB10
GLG1	GLG1
SSNA1	SSNA1
NFIC	NFIC
DCTN3	DCTN3
ATP5ME	ATP5ME
BLOC1S1	BLOC1S1
BTF3	BTF3
SEC61A1	SEC61A1
NCKAP1	NCKAP1
AP1S1	AP1S1
UBE2L3	UBE2L3
DYNC1LI2	DYNC1LI2
AEBP2	AEBP2
TOMM20	TOMM20
COMMD6	COMMD6
UBE2R2	UBE2R2
TLN1	TLN1
TTC3	TTC3
RTF1	RTF1
HADHA	HADHA
COX8A	COX8A
CCDC68	CCDC68
RB1CC1	RB1CC1
RBPJ	RBPJ
OS9	OS9
POLR2L	POLR2L
DNAJC8	DNAJC8
EIF4E2	EIF4E2
CHMP3	CHMP3
CNPY2	CNPY2
BZW1	BZW1
SDCCAG8	SDCCAG8
S100A16	S100A16
MAF1	MAF1
FAM153CP	FAM153CP
TMEM219	TMEM219
CSTB	CSTB
RBBP5	RBBP5
ROMO1	ROMO1
CIRBP	CIRBP
UBE2K	UBE2K
PSMA2	PSMA2
ALG12	ALG12
MSN	MSN
PPP1R7	PPP1R7
ACBD3	ACBD3
SEH1L	SEH1L
TIMP2	TIMP2
CHCHD2	CHCHD2
CISD2	CISD2
EIF3E	EIF3E
SF3B6	SF3B6
TGOLN2	TGOLN2
QKI	QKI
PARK7	PARK7
HIF1A	HIF1A
HP1BP3	HP1BP3
CALD1	CALD1
HLA-B	HLA-B
FAM50A	FAM50A
FXR1	FXR1
ETV6	ETV6
RAB1A	RAB1A
BCAP31	BCAP31
PARL	PARL
SPCS2	SPCS2
RDX	RDX
ADRM1	ADRM1
ATP6V1D	ATP6V1D
FAM133B	FAM133B
HSD17B7	HSD17B7
SIRT5	SIRT5
TAGLN2	TAGLN2
CNIH1	CNIH1
SLC16A3	SLC16A3
ARPC4	ARPC4
APLP2	APLP2
CTSB	CTSB
TIMM13	TIMM13
NDUFA1	NDUFA1
GNG10	GNG10
PIN1	PIN1
VEGFB	VEGFB
CDK2AP1	CDK2AP1
TAF10	TAF10
FAM219B	FAM219B
ETFB	ETFB
PLAGL2	PLAGL2
ERLEC1	ERLEC1
PLD3	PLD3
CBX3	CBX3
ARID4B	ARID4B
ACTN1	ACTN1
ARPC1B	ARPC1B
EIF3K	EIF3K
ALKBH7	ALKBH7
TUSC3	TUSC3
JOSD2	JOSD2
GRINA	GRINA
MALSU1	MALSU1
DCTN2	DCTN2
ERGIC3	ERGIC3
NRBP1	NRBP1
SPCS1	SPCS1
ABCF1	ABCF1
SH3GLB1	SH3GLB1
DDOST	DDOST
RRBP1	RRBP1
KRTCAP2	KRTCAP2
DDX17	DDX17
CD151	CD151
TRMT10B	TRMT10B
PIGT	PIGT
LMNA	LMNA
SLC39A7	SLC39A7
ARHGDIA	ARHGDIA
ATRAID	ATRAID
GTF2I	GTF2I
ACTR2	ACTR2
CD164	CD164
CANX	CANX
SUMO2	SUMO2
ATP6V0D1	ATP6V0D1
CFDP1	CFDP1
POLR2J	POLR2J
PPP4C	PPP4C
EIF4B	EIF4B
TRAPPC3	TRAPPC3
JAK1	JAK1
TM9SF3	TM9SF3
BAX	BAX
MBOAT7	MBOAT7
IK	IK
FAM32A	FAM32A
EIF4H	EIF4H
PPDPF	PPDPF
PABPC1	PABPC1
SELENOT	SELENOT
UBA1	UBA1
MAP1LC3B	MAP1LC3B
SEC13	SEC13
UBE2A	UBE2A
RHOBTB1	RHOBTB1
DHX36	DHX36
EPS15L1	EPS15L1
G3BP1	G3BP1
RAB10	RAB10
ATP5PF	ATP5PF
DPP7	DPP7
LRRC49	LRRC49
OSBPL8	OSBPL8
PRRC2C	PRRC2C
RTN4	RTN4
LRP10	LRP10
ERCC1	ERCC1
RTF2	RTF2
CSPP1	CSPP1
MPZL1	MPZL1
SELENOW	SELENOW
PLPP2	PLPP2
DAZAP2	DAZAP2
UQCC2	UQCC2
MICOS13	MICOS13
API5	API5
ARPC2	ARPC2
WIPI2	WIPI2
PNISR	PNISR
CAPNS1	CAPNS1
CFL1	CFL1
BNIP3L	BNIP3L
TCEAL9	TCEAL9
CHCHD1	CHCHD1
HNRNPA0	HNRNPA0
PHPT1	PHPT1
ZNF236	ZNF236
ATP5MF	ATP5MF
NDUFS7	NDUFS7
FAAP20	FAAP20
COMMD7	COMMD7
ANKRD12	ANKRD12
NACA	NACA
NDUFA3	NDUFA3
EIF3J-DT	EIF3J-DT
RABAC1	RABAC1
ACADVL	ACADVL
UFM1	UFM1
MXRA7	MXRA7
UBC	UBC
WAC	WAC
DYNLT1	DYNLT1
GORASP1	GORASP1
PGRMC1	PGRMC1
DYNLL1	DYNLL1
PPP1R14B	PPP1R14B
TNS1	TNS1
TMCO1	TMCO1
FIBP	FIBP
EMC3	EMC3
ZFAND5	ZFAND5
SEC63	SEC63
BBX	BBX
HDAC2	HDAC2
ATP5MC2	ATP5MC2
NME3	NME3
USP22	USP22
RRAGA	RRAGA
CAST	CAST
ANAPC4	ANAPC4
EIF5A	EIF5A
MVP	MVP
SPCS3	SPCS3
BSG	BSG
SH3BGRL	SH3BGRL
TSR3	TSR3
NCOR1	NCOR1
ZNF397	ZNF397
VGLL4	VGLL4
PSMC3	PSMC3
RAB14	RAB14
FBXW5	FBXW5
CTDNEP1	CTDNEP1
ADI1	ADI1
HOMER3	HOMER3
ILK	ILK
ATP5F1D	ATP5F1D
SUGT1	SUGT1
NOSIP	NOSIP
TMBIM4	TMBIM4
MEPCE	MEPCE
ARL3	ARL3
ARPC3	ARPC3
PCBP1	PCBP1
SNRPC	SNRPC
MORF4L1	MORF4L1
IFITM3	IFITM3
TMEM248	TMEM248
ZRANB2	ZRANB2
PSMD14	PSMD14
IGF2R	IGF2R
ZNF428	ZNF428
RPN1	RPN1
G3BP2	G3BP2
GNAI3	GNAI3
SAT2	SAT2
HEBP2	HEBP2
ENSA	ENSA
WDR1	WDR1
N4BP2L2	N4BP2L2
SPTAN1	SPTAN1
CLTC	CLTC
TRIM24	TRIM24
SDF2	SDF2
RRAS	RRAS
CUEDC2	CUEDC2
PTEN	PTEN
BOD1L1	BOD1L1
PSMC4	PSMC4
EIF3G	EIF3G
EMC4	EMC4
PCNP	PCNP
CRK	CRK
EIF4A2	EIF4A2
HADHB	HADHB
GDI2	GDI2
FNDC3B	FNDC3B
GET3	GET3
STAU1	STAU1
RPS19BP1	RPS19BP1
PGM3	PGM3
TFG	TFG
CLPP	CLPP
PHTF2	PHTF2
TM9SF1	TM9SF1
YIPF4	YIPF4
TUSC2	TUSC2
ATP5F1A	ATP5F1A
ARL6IP4	ARL6IP4
PI4K2B	PI4K2B
RDH11	RDH11
AIP	AIP
CRIPT	CRIPT
SHC1	SHC1
RER1	RER1
RBM39	RBM39
DGUOK	DGUOK
LAMTOR1	LAMTOR1
JMY	JMY
ZNF580	ZNF580
PFDN2	PFDN2
ACTR1A	ACTR1A
IST1	IST1
SMIM7	SMIM7
PFN2	PFN2
NDUFV2	NDUFV2
SLC44A1	SLC44A1
MPLKIP	MPLKIP
NDUFAB1	NDUFAB1
LSM7	LSM7
MYH9	MYH9
DHRS7	DHRS7
ACTG1	ACTG1
GNG12	GNG12
FOXRED1	FOXRED1
NR1H2	NR1H2
BCL9	BCL9
GLRX5	GLRX5
RINT1	RINT1
PSMB2	PSMB2
PGD	PGD
TMED1	TMED1
VTI1B	VTI1B
MOB4	MOB4
PHAX	PHAX
LUZP1	LUZP1
HIKESHI	HIKESHI
AFF4	AFF4
IER3IP1	IER3IP1
MOB1A	MOB1A
CYTH2	CYTH2
RWDD1	RWDD1
UBXN6	UBXN6
SPAG7	SPAG7
CLPTM1	CLPTM1
ACTR3	ACTR3
PABPN1	PABPN1
TRAPPC4	TRAPPC4
AURKAIP1	AURKAIP1
METTL26	METTL26
BAG6	BAG6
NT5C	NT5C
LY6E	LY6E
NDUFA5	NDUFA5
SPTSSA	SPTSSA
SLC66A3	SLC66A3
TIPRL	TIPRL
CGGBP1	CGGBP1
RO60	RO60
ATP6V0E1	ATP6V0E1
XRN2	XRN2
PSMA5	PSMA5
PAFAH1B1	PAFAH1B1
TPGS1	TPGS1
TMEM203	TMEM203
PLEKHA3	PLEKHA3
CIR1	CIR1
LEPROTL1	LEPROTL1
COPS6	COPS6
NRBF2	NRBF2
ATP2A2	ATP2A2
PHF20L1	PHF20L1
PSMD1	PSMD1
PIN4	PIN4
SUPT4H1	SUPT4H1
NDUFA10	NDUFA10
DEF8	DEF8
STX10	STX10
GPBP1	GPBP1
TXN	TXN
SEPTIN9	SEPTIN9
TPM3	TPM3
PURA	PURA
RDH13	RDH13
ARL1	ARL1
BLOC1S4	BLOC1S4
IFNAR1	IFNAR1
COMT	COMT
GANAB	GANAB
UBE2V2	UBE2V2
SLC25A36	SLC25A36
COX17	COX17
CCT3	CCT3
RAB11B	RAB11B
HAX1	HAX1
SF3B1	SF3B1
RAP1A	RAP1A
METTL9	METTL9
LMTK2	LMTK2
TMEM256	TMEM256
FDX1	FDX1
TADA3	TADA3
SPPL2A	SPPL2A
TRIP12	TRIP12
KCMF1	KCMF1
DERL2	DERL2
TCEAL8	TCEAL8
ZBTB7A	ZBTB7A
WASHC4	WASHC4
PRMT1	PRMT1
VMP1	VMP1
TSG101	TSG101
LARP6	LARP6
TAF7	TAF7
CD2BP2	CD2BP2
ROCK1	ROCK1
DDB1	DDB1
SNHG16	SNHG16
ZCCHC17	ZCCHC17
HEXB	HEXB
YTHDF2	YTHDF2
TOR1A	TOR1A
AZI2	AZI2
SLC52A2	SLC52A2
FICD	FICD
IRF3	IRF3
BLOC1S6	BLOC1S6
CWC15	CWC15
UQCRFS1	UQCRFS1
LEPROT	LEPROT
TBCB	TBCB
REPIN1	REPIN1
PRDX4	PRDX4
NDUFB2	NDUFB2
TRAM1	TRAM1
PPIG	PPIG
COX7B	COX7B
TAX1BP3	TAX1BP3
CTBS	CTBS
TNFRSF1A	TNFRSF1A
COQ10B	COQ10B
GOPC	GOPC
TERF2IP	TERF2IP
GPS2	GPS2
ARID1B	ARID1B
ZNF92	ZNF92
RTL8C	RTL8C
ITPA	ITPA
NARF	NARF
JKAMP	JKAMP
VAMP3	VAMP3
PSMC2	PSMC2
SERINC1	SERINC1
SND1	SND1
EPN1	EPN1
PUF60	PUF60
COMMD1	COMMD1
CDIPT	CDIPT
RTL8A	RTL8A
CAMLG	CAMLG
ARL5A	ARL5A
NDFIP1	NDFIP1
USP34	USP34
VAMP2	VAMP2
PRPF8	PRPF8
AKAP9	AKAP9
SERPINB6	SERPINB6
MVB12A	MVB12A
WTAP	WTAP
CCT4	CCT4
KIAA2013	KIAA2013
ERP44	ERP44
KDM5A	KDM5A
MFF	MFF
NUCB2	NUCB2
LUC7L	LUC7L
GRB2	GRB2
PPP2CB	PPP2CB
ABHD17A	ABHD17A
NSD3	NSD3
ATP9B	ATP9B
NUCB1	NUCB1
MDH2	MDH2
SNX17	SNX17
LSM1	LSM1
AHSA1	AHSA1
CHURC1	CHURC1
TMED5	TMED5
PARVA	PARVA
ARFGAP3	ARFGAP3
S100A11	S100A11
WDR13	WDR13
TMEM181	TMEM181
TMEM126A	TMEM126A
SMIM10L1	SMIM10L1
TMEM259	TMEM259
DCTN6	DCTN6
GOLGB1	GOLGB1
KIF1B	KIF1B
DNAJC3	DNAJC3
STARD3NL	STARD3NL
ELOF1	ELOF1
TMED7	TMED7
TUFM	TUFM
TMEM115	TMEM115
TMEM126B	TMEM126B
PSMD3	PSMD3
GOLGA2	GOLGA2
TWF2	TWF2
STK25	STK25
DCTN1	DCTN1
GIT1	GIT1
PRPF6	PRPF6
STX4	STX4
CTDSP2	CTDSP2
CUL3	CUL3
DPCD	DPCD
SGMS1	SGMS1
JAGN1	JAGN1
MFSD10	MFSD10
KIF5B	KIF5B
PAPOLA	PAPOLA
HGS	HGS
NDUFA7	NDUFA7
MAP7D1	MAP7D1
JPX	JPX
IDH3B	IDH3B
ATP1A1	ATP1A1
USO1	USO1
SCP2	SCP2
NAP1L1	NAP1L1
SDHC	SDHC
SAR1B	SAR1B
AGTRAP	AGTRAP
RSL24D1	RSL24D1
PAFAH1B2	PAFAH1B2
EEF1G	EEF1G
ELOC	ELOC
TOPORS	TOPORS
PNKD	PNKD
RBFOX2	RBFOX2
SEC23A	SEC23A
MYL12B	MYL12B
GLRX2	GLRX2
ZYX	ZYX
SRSF6	SRSF6
RAB18	RAB18
CMTM6	CMTM6
PSMD9	PSMD9
REEP3	REEP3
ARL16	ARL16
PTPN12	PTPN12
BRD4	BRD4
PEPD	PEPD
SLC25A11	SLC25A11
GDI1	GDI1
RRP36	RRP36
CDC40	CDC40
TMEM263	TMEM263
NAGK	NAGK
EIF2A	EIF2A
HMGXB3	HMGXB3
VAT1	VAT1
NTAN1	NTAN1
YWHAZ	YWHAZ
DBNL	DBNL
SFT2D1	SFT2D1
BAD	BAD
NDUFS6	NDUFS6
RPAIN	RPAIN
TP53RK	TP53RK
COX7C	COX7C
UBFD1	UBFD1
ATG12	ATG12
SYMPK	SYMPK
RBX1	RBX1
TSPAN4	TSPAN4
DAXX	DAXX
CDC42SE1	CDC42SE1
ZFYVE16	ZFYVE16
FAM89B	FAM89B
SHISA5	SHISA5
COPS2	COPS2
CHD9	CHD9
FGFR1OP2	FGFR1OP2
SARNP	SARNP
COL18A1	COL18A1
DHPS	DHPS
IP6K2	IP6K2
SRA1	SRA1
UBE2E1	UBE2E1
FAM234A	FAM234A
EGLN2	EGLN2
PDIA6	PDIA6
UBE2D1	UBE2D1
LSM10	LSM10
VPS4B	VPS4B
KRAS	KRAS
NECTIN2	NECTIN2
ZFPM1	ZFPM1
THYN1	THYN1
ZNF358	ZNF358
DDA1	DDA1
FKBP1A	FKBP1A
GOLGA7	GOLGA7
SYNCRIP	SYNCRIP
DHRS4L2	DHRS4L2
